dataset,sample_id,path_index,experiment_id,shots_in_icl,icl_sample_source,sketch_gen_model,code_gen_model,has_sketch,raw_output,parsed_output,true_label,is_correct,is_syntax_error,solver_error_type,is_solver_timeout,is_runtime_error,is_syntax_parse_error,pruned_by_existence,existence_pruning_result,pruned_by_uniqueness,uniqueness_pruning_result,existence_uniqueness_pruning_result
AR-LSAT,201310_3-G_3_17,0,qwen3-coder-next-three_shot_CoT-a3e3d6fe-92e1-4b84-a122-929b3fe37f3a,3,logic-lm autoformalization ICL,qwen/qwen3-coder-next,qwen/qwen3-coder-next,yes,[4],[4],4,True,False,,False,False,False,False,[4],False,[4],[4]
AR-LSAT,201310_3-G_3_17,1,qwen3-coder-next-three_shot_CoT-a3e3d6fe-92e1-4b84-a122-929b3fe37f3a,3,logic-lm autoformalization ICL,qwen/qwen3-coder-next,qwen/qwen3-coder-next,yes,[4],[4],4,True,False,,False,False,False,False,[4],False,[4],[4]
AR-LSAT,201310_3-G_3_17,2,qwen3-coder-next-three_shot_CoT-a3e3d6fe-92e1-4b84-a122-929b3fe37f3a,3,logic-lm autoformalization ICL,qwen/qwen3-coder-next,qwen/qwen3-coder-next,yes,[4],[4],4,True,False,,False,False,False,False,[4],False,[4],[4]
AR-LSAT,201310_3-G_3_17,3,qwen3-coder-next-three_shot_CoT-a3e3d6fe-92e1-4b84-a122-929b3fe37f3a,3,logic-lm autoformalization ICL,qwen/qwen3-coder-next,qwen/qwen3-coder-next,yes,"[0, 1, 2, 3, 4]","[0, 1, 2, 3, 4]",4,False,False,,False,False,False,False,"[0, 1, 2, 3, 4]",True,,
AR-LSAT,201310_3-G_3_17,4,qwen3-coder-next-three_shot_CoT-a3e3d6fe-92e1-4b84-a122-929b3fe37f3a,3,logic-lm autoformalization ICL,qwen/qwen3-coder-next,qwen/qwen3-coder-next,yes,4,[4],4,True,False,,False,False,False,False,[4],False,[4],[4]
AR-LSAT,201310_3-G_3_17,5,qwen3-coder-next-three_shot_CoT-a3e3d6fe-92e1-4b84-a122-929b3fe37f3a,3,logic-lm autoformalization ICL,qwen/qwen3-coder-next,qwen/qwen3-coder-next,yes,"[0, 4]","[0, 4]",4,False,False,,False,False,False,False,"[0, 4]",True,,
AR-LSAT,201310_3-G_3_17,6,qwen3-coder-next-three_shot_CoT-a3e3d6fe-92e1-4b84-a122-929b3fe37f3a,3,logic-lm autoformalization ICL,qwen/qwen3-coder-next,qwen/qwen3-coder-next,yes,[4],[4],4,True,False,,False,False,False,False,[4],False,[4],[4]
AR-LSAT,201310_3-G_3_17,7,qwen3-coder-next-three_shot_CoT-a3e3d6fe-92e1-4b84-a122-929b3fe37f3a,3,logic-lm autoformalization ICL,qwen/qwen3-coder-next,qwen/qwen3-coder-next,yes,"[0, 4]","[0, 4]",4,False,False,,False,False,False,False,"[0, 4]",True,,
AR-LSAT,201310_3-G_3_17,8,qwen3-coder-next-three_shot_CoT-a3e3d6fe-92e1-4b84-a122-929b3fe37f3a,3,logic-lm autoformalization ICL,qwen/qwen3-coder-next,qwen/qwen3-coder-next,yes,[4],[4],4,True,False,,False,False,False,False,[4],False,[4],[4]
AR-LSAT,201310_3-G_3_17,9,qwen3-coder-next-three_shot_CoT-a3e3d6fe-92e1-4b84-a122-929b3fe37f3a,3,logic-lm autoformalization ICL,qwen/qwen3-coder-next,qwen/qwen3-coder-next,yes,[4],[4],4,True,False,,False,False,False,False,[4],False,[4],[4]
AR-LSAT,201310_3-G_3_17,10,qwen3-coder-next-three_shot_CoT-a3e3d6fe-92e1-4b84-a122-929b3fe37f3a,3,logic-lm autoformalization ICL,qwen/qwen3-coder-next,qwen/qwen3-coder-next,yes,[4],[4],4,True,False,,False,False,False,False,[4],False,[4],[4]
AR-LSAT,201310_3-G_3_17,11,qwen3-coder-next-three_shot_CoT-a3e3d6fe-92e1-4b84-a122-929b3fe37f3a,3,logic-lm autoformalization ICL,qwen/qwen3-coder-next,qwen/qwen3-coder-next,yes,[4],[4],4,True,False,,False,False,False,False,[4],False,[4],[4]
AR-LSAT,201310_3-G_3_17,12,qwen3-coder-next-three_shot_CoT-a3e3d6fe-92e1-4b84-a122-929b3fe37f3a,3,logic-lm autoformalization ICL,qwen/qwen3-coder-next,qwen/qwen3-coder-next,yes,[4],[4],4,True,False,,False,False,False,False,[4],False,[4],[4]
AR-LSAT,201310_3-G_3_17,13,qwen3-coder-next-three_shot_CoT-a3e3d6fe-92e1-4b84-a122-929b3fe37f3a,3,logic-lm autoformalization ICL,qwen/qwen3-coder-next,qwen/qwen3-coder-next,yes,[4],[4],4,True,False,,False,False,False,False,[4],False,[4],[4]
AR-LSAT,201310_3-G_3_17,14,qwen3-coder-next-three_shot_CoT-a3e3d6fe-92e1-4b84-a122-929b3fe37f3a,3,logic-lm autoformalization ICL,qwen/qwen3-coder-next,qwen/qwen3-coder-next,yes,[4],[4],4,True,False,,False,False,False,False,[4],False,[4],[4]
AR-LSAT,201110_2-G_1_5,0,qwen3-coder-next-three_shot_CoT-a3e3d6fe-92e1-4b84-a122-929b3fe37f3a,3,logic-lm autoformalization ICL,qwen/qwen3-coder-next,qwen/qwen3-coder-next,yes,[0],[0],0,True,False,,False,False,False,False,[0],False,[0],[0]
AR-LSAT,201110_2-G_1_5,1,qwen3-coder-next-three_shot_CoT-a3e3d6fe-92e1-4b84-a122-929b3fe37f3a,3,logic-lm autoformalization ICL,qwen/qwen3-coder-next,qwen/qwen3-coder-next,yes,[0],[0],0,True,False,,False,False,False,False,[0],False,[0],[0]
AR-LSAT,201110_2-G_1_5,2,qwen3-coder-next-three_shot_CoT-a3e3d6fe-92e1-4b84-a122-929b3fe37f3a,3,logic-lm autoformalization ICL,qwen/qwen3-coder-next,qwen/qwen3-coder-next,yes,[0],[0],0,True,False,,False,False,False,False,[0],False,[0],[0]
AR-LSAT,201110_2-G_1_5,3,qwen3-coder-next-three_shot_CoT-a3e3d6fe-92e1-4b84-a122-929b3fe37f3a,3,logic-lm autoformalization ICL,qwen/qwen3-coder-next,qwen/qwen3-coder-next,yes,[0],[0],0,True,False,,False,False,False,False,[0],False,[0],[0]
AR-LSAT,201110_2-G_1_5,4,qwen3-coder-next-three_shot_CoT-a3e3d6fe-92e1-4b84-a122-929b3fe37f3a,3,logic-lm autoformalization ICL,qwen/qwen3-coder-next,qwen/qwen3-coder-next,yes,[0],[0],0,True,False,,False,False,False,False,[0],False,[0],[0]
AR-LSAT,201110_2-G_1_5,5,qwen3-coder-next-three_shot_CoT-a3e3d6fe-92e1-4b84-a122-929b3fe37f3a,3,logic-lm autoformalization ICL,qwen/qwen3-coder-next,qwen/qwen3-coder-next,yes,0,[0],0,True,False,,False,False,False,False,[0],False,[0],[0]
AR-LSAT,201110_2-G_1_5,6,qwen3-coder-next-three_shot_CoT-a3e3d6fe-92e1-4b84-a122-929b3fe37f3a,3,logic-lm autoformalization ICL,qwen/qwen3-coder-next,qwen/qwen3-coder-next,yes,0,[0],0,True,False,,False,False,False,False,[0],False,[0],[0]
AR-LSAT,201110_2-G_1_5,7,qwen3-coder-next-three_shot_CoT-a3e3d6fe-92e1-4b84-a122-929b3fe37f3a,3,logic-lm autoformalization ICL,qwen/qwen3-coder-next,qwen/qwen3-coder-next,yes,[0],[0],0,True,False,,False,False,False,False,[0],False,[0],[0]
AR-LSAT,201110_2-G_1_5,8,qwen3-coder-next-three_shot_CoT-a3e3d6fe-92e1-4b84-a122-929b3fe37f3a,3,logic-lm autoformalization ICL,qwen/qwen3-coder-next,qwen/qwen3-coder-next,yes,[0],[0],0,True,False,,False,False,False,False,[0],False,[0],[0]
AR-LSAT,201110_2-G_1_5,9,qwen3-coder-next-three_shot_CoT-a3e3d6fe-92e1-4b84-a122-929b3fe37f3a,3,logic-lm autoformalization ICL,qwen/qwen3-coder-next,qwen/qwen3-coder-next,yes,['Togowa is assigned parking space #1.'],[0],0,True,False,,False,False,False,False,[0],False,[0],[0]
AR-LSAT,201110_2-G_1_5,10,qwen3-coder-next-three_shot_CoT-a3e3d6fe-92e1-4b84-a122-929b3fe37f3a,3,logic-lm autoformalization ICL,qwen/qwen3-coder-next,qwen/qwen3-coder-next,yes,0,[0],0,True,False,,False,False,False,False,[0],False,[0],[0]
AR-LSAT,201110_2-G_1_5,11,qwen3-coder-next-three_shot_CoT-a3e3d6fe-92e1-4b84-a122-929b3fe37f3a,3,logic-lm autoformalization ICL,qwen/qwen3-coder-next,qwen/qwen3-coder-next,yes,0,[0],0,True,False,,False,False,False,False,[0],False,[0],[0]
AR-LSAT,201110_2-G_1_5,12,qwen3-coder-next-three_shot_CoT-a3e3d6fe-92e1-4b84-a122-929b3fe37f3a,3,logic-lm autoformalization ICL,qwen/qwen3-coder-next,qwen/qwen3-coder-next,yes,[0],[0],0,True,False,,False,False,False,False,[0],False,[0],[0]
AR-LSAT,201110_2-G_1_5,13,qwen3-coder-next-three_shot_CoT-a3e3d6fe-92e1-4b84-a122-929b3fe37f3a,3,logic-lm autoformalization ICL,qwen/qwen3-coder-next,qwen/qwen3-coder-next,yes,[0],[0],0,True,False,,False,False,False,False,[0],False,[0],[0]
AR-LSAT,201110_2-G_1_5,14,qwen3-coder-next-three_shot_CoT-a3e3d6fe-92e1-4b84-a122-929b3fe37f3a,3,logic-lm autoformalization ICL,qwen/qwen3-coder-next,qwen/qwen3-coder-next,yes,[0],[0],0,True,False,,False,False,False,False,[0],False,[0],[0]
AR-LSAT,201510_3-G_4_21,0,qwen3-coder-next-three_shot_CoT-a3e3d6fe-92e1-4b84-a122-929b3fe37f3a,3,logic-lm autoformalization ICL,qwen/qwen3-coder-next,qwen/qwen3-coder-next,yes,[],[],1,False,False,,False,False,False,True,,False,[],
AR-LSAT,201510_3-G_4_21,1,qwen3-coder-next-three_shot_CoT-a3e3d6fe-92e1-4b84-a122-929b3fe37f3a,3,logic-lm autoformalization ICL,qwen/qwen3-coder-next,qwen/qwen3-coder-next,yes,[1],[1],1,True,False,,False,False,False,False,[1],False,[1],[1]
AR-LSAT,201510_3-G_4_21,2,qwen3-coder-next-three_shot_CoT-a3e3d6fe-92e1-4b84-a122-929b3fe37f3a,3,logic-lm autoformalization ICL,qwen/qwen3-coder-next,qwen/qwen3-coder-next,yes,[1],[1],1,True,False,,False,False,False,False,[1],False,[1],[1]
AR-LSAT,201510_3-G_4_21,3,qwen3-coder-next-three_shot_CoT-a3e3d6fe-92e1-4b84-a122-929b3fe37f3a,3,logic-lm autoformalization ICL,qwen/qwen3-coder-next,qwen/qwen3-coder-next,yes,"[1, 4]","[1, 4]",1,False,False,,False,False,False,False,"[1, 4]",True,,
AR-LSAT,201510_3-G_4_21,4,qwen3-coder-next-three_shot_CoT-a3e3d6fe-92e1-4b84-a122-929b3fe37f3a,3,logic-lm autoformalization ICL,qwen/qwen3-coder-next,qwen/qwen3-coder-next,yes,[1],[1],1,True,False,,False,False,False,False,[1],False,[1],[1]
AR-LSAT,201510_3-G_4_21,5,qwen3-coder-next-three_shot_CoT-a3e3d6fe-92e1-4b84-a122-929b3fe37f3a,3,logic-lm autoformalization ICL,qwen/qwen3-coder-next,qwen/qwen3-coder-next,yes,[1],[1],1,True,False,,False,False,False,False,[1],False,[1],[1]
AR-LSAT,201510_3-G_4_21,6,qwen3-coder-next-three_shot_CoT-a3e3d6fe-92e1-4b84-a122-929b3fe37f3a,3,logic-lm autoformalization ICL,qwen/qwen3-coder-next,qwen/qwen3-coder-next,yes,[1],[1],1,True,False,,False,False,False,False,[1],False,[1],[1]
AR-LSAT,201510_3-G_4_21,7,qwen3-coder-next-three_shot_CoT-a3e3d6fe-92e1-4b84-a122-929b3fe37f3a,3,logic-lm autoformalization ICL,qwen/qwen3-coder-next,qwen/qwen3-coder-next,yes,[1],[1],1,True,False,,False,False,False,False,[1],False,[1],[1]
AR-LSAT,201510_3-G_4_21,8,qwen3-coder-next-three_shot_CoT-a3e3d6fe-92e1-4b84-a122-929b3fe37f3a,3,logic-lm autoformalization ICL,qwen/qwen3-coder-next,qwen/qwen3-coder-next,yes,"[1, 4]","[1, 4]",1,False,False,,False,False,False,False,"[1, 4]",True,,
AR-LSAT,201510_3-G_4_21,9,qwen3-coder-next-three_shot_CoT-a3e3d6fe-92e1-4b84-a122-929b3fe37f3a,3,logic-lm autoformalization ICL,qwen/qwen3-coder-next,qwen/qwen3-coder-next,yes,[1],[1],1,True,False,,False,False,False,False,[1],False,[1],[1]
AR-LSAT,201510_3-G_4_21,10,qwen3-coder-next-three_shot_CoT-a3e3d6fe-92e1-4b84-a122-929b3fe37f3a,3,logic-lm autoformalization ICL,qwen/qwen3-coder-next,qwen/qwen3-coder-next,yes,[1],[1],1,True,False,,False,False,False,False,[1],False,[1],[1]
AR-LSAT,201510_3-G_4_21,11,qwen3-coder-next-three_shot_CoT-a3e3d6fe-92e1-4b84-a122-929b3fe37f3a,3,logic-lm autoformalization ICL,qwen/qwen3-coder-next,qwen/qwen3-coder-next,yes,[1],[1],1,True,False,,False,False,False,False,[1],False,[1],[1]
AR-LSAT,201510_3-G_4_21,12,qwen3-coder-next-three_shot_CoT-a3e3d6fe-92e1-4b84-a122-929b3fe37f3a,3,logic-lm autoformalization ICL,qwen/qwen3-coder-next,qwen/qwen3-coder-next,yes,[1],[1],1,True,False,,False,False,False,False,[1],False,[1],[1]
AR-LSAT,201510_3-G_4_21,13,qwen3-coder-next-three_shot_CoT-a3e3d6fe-92e1-4b84-a122-929b3fe37f3a,3,logic-lm autoformalization ICL,qwen/qwen3-coder-next,qwen/qwen3-coder-next,yes,[1],[1],1,True,False,,False,False,False,False,[1],False,[1],[1]
AR-LSAT,201510_3-G_4_21,14,qwen3-coder-next-three_shot_CoT-a3e3d6fe-92e1-4b84-a122-929b3fe37f3a,3,logic-lm autoformalization ICL,qwen/qwen3-coder-next,qwen/qwen3-coder-next,yes,"[1, 4]","[1, 4]",1,False,False,,False,False,False,False,"[1, 4]",True,,
AR-LSAT,201612_3-G_1_5,0,qwen3-coder-next-three_shot_CoT-a3e3d6fe-92e1-4b84-a122-929b3fe37f3a,3,logic-lm autoformalization ICL,qwen/qwen3-coder-next,qwen/qwen3-coder-next,yes,[1],[1],4,False,False,,False,False,False,False,[1],False,[1],[1]
AR-LSAT,201612_3-G_1_5,1,qwen3-coder-next-three_shot_CoT-a3e3d6fe-92e1-4b84-a122-929b3fe37f3a,3,logic-lm autoformalization ICL,qwen/qwen3-coder-next,qwen/qwen3-coder-next,yes,[1],[1],4,False,False,,False,False,False,False,[1],False,[1],[1]
AR-LSAT,201612_3-G_1_5,2,qwen3-coder-next-three_shot_CoT-a3e3d6fe-92e1-4b84-a122-929b3fe37f3a,3,logic-lm autoformalization ICL,qwen/qwen3-coder-next,qwen/qwen3-coder-next,yes,"[0, 1, 2, 3, 4]","[0, 1, 2, 3, 4]",4,False,False,,False,False,False,False,"[0, 1, 2, 3, 4]",True,,
AR-LSAT,201612_3-G_1_5,3,qwen3-coder-next-three_shot_CoT-a3e3d6fe-92e1-4b84-a122-929b3fe37f3a,3,logic-lm autoformalization ICL,qwen/qwen3-coder-next,qwen/qwen3-coder-next,yes,[1],[1],4,False,False,,False,False,False,False,[1],False,[1],[1]
AR-LSAT,201612_3-G_1_5,4,qwen3-coder-next-three_shot_CoT-a3e3d6fe-92e1-4b84-a122-929b3fe37f3a,3,logic-lm autoformalization ICL,qwen/qwen3-coder-next,qwen/qwen3-coder-next,yes,"[0, 1, 2, 3, 4]","[0, 1, 2, 3, 4]",4,False,False,,False,False,False,False,"[0, 1, 2, 3, 4]",True,,
AR-LSAT,201612_3-G_1_5,5,qwen3-coder-next-three_shot_CoT-a3e3d6fe-92e1-4b84-a122-929b3fe37f3a,3,logic-lm autoformalization ICL,qwen/qwen3-coder-next,qwen/qwen3-coder-next,yes,[1],[1],4,False,False,,False,False,False,False,[1],False,[1],[1]
AR-LSAT,201612_3-G_1_5,6,qwen3-coder-next-three_shot_CoT-a3e3d6fe-92e1-4b84-a122-929b3fe37f3a,3,logic-lm autoformalization ICL,qwen/qwen3-coder-next,qwen/qwen3-coder-next,yes,"[0, 1, 2, 3, 4]","[0, 1, 2, 3, 4]",4,False,False,,False,False,False,False,"[0, 1, 2, 3, 4]",True,,
AR-LSAT,201612_3-G_1_5,7,qwen3-coder-next-three_shot_CoT-a3e3d6fe-92e1-4b84-a122-929b3fe37f3a,3,logic-lm autoformalization ICL,qwen/qwen3-coder-next,qwen/qwen3-coder-next,yes,[1],[1],4,False,False,,False,False,False,False,[1],False,[1],[1]
AR-LSAT,201612_3-G_1_5,8,qwen3-coder-next-three_shot_CoT-a3e3d6fe-92e1-4b84-a122-929b3fe37f3a,3,logic-lm autoformalization ICL,qwen/qwen3-coder-next,qwen/qwen3-coder-next,yes,[],[],4,False,False,,False,False,False,True,,False,[],
AR-LSAT,201612_3-G_1_5,9,qwen3-coder-next-three_shot_CoT-a3e3d6fe-92e1-4b84-a122-929b3fe37f3a,3,logic-lm autoformalization ICL,qwen/qwen3-coder-next,qwen/qwen3-coder-next,yes,-1,[-1],4,False,False,,False,False,False,False,[-1],False,[-1],[-1]
AR-LSAT,201612_3-G_1_5,10,qwen3-coder-next-three_shot_CoT-a3e3d6fe-92e1-4b84-a122-929b3fe37f3a,3,logic-lm autoformalization ICL,qwen/qwen3-coder-next,qwen/qwen3-coder-next,yes,[1],[1],4,False,False,,False,False,False,False,[1],False,[1],[1]
AR-LSAT,201612_3-G_1_5,11,qwen3-coder-next-three_shot_CoT-a3e3d6fe-92e1-4b84-a122-929b3fe37f3a,3,logic-lm autoformalization ICL,qwen/qwen3-coder-next,qwen/qwen3-coder-next,yes,[1],[1],4,False,False,,False,False,False,False,[1],False,[1],[1]
AR-LSAT,201612_3-G_1_5,12,qwen3-coder-next-three_shot_CoT-a3e3d6fe-92e1-4b84-a122-929b3fe37f3a,3,logic-lm autoformalization ICL,qwen/qwen3-coder-next,qwen/qwen3-coder-next,yes,[1],[1],4,False,False,,False,False,False,False,[1],False,[1],[1]
AR-LSAT,201612_3-G_1_5,13,qwen3-coder-next-three_shot_CoT-a3e3d6fe-92e1-4b84-a122-929b3fe37f3a,3,logic-lm autoformalization ICL,qwen/qwen3-coder-next,qwen/qwen3-coder-next,yes,"[0, 1, 2, 3, 4]","[0, 1, 2, 3, 4]",4,False,False,,False,False,False,False,"[0, 1, 2, 3, 4]",True,,
AR-LSAT,201612_3-G_1_5,14,qwen3-coder-next-three_shot_CoT-a3e3d6fe-92e1-4b84-a122-929b3fe37f3a,3,logic-lm autoformalization ICL,qwen/qwen3-coder-next,qwen/qwen3-coder-next,yes,1,[1],4,False,False,,False,False,False,False,[1],False,[1],[1]
AR-LSAT,201606_2-G_4_18,0,qwen3-coder-next-three_shot_CoT-a3e3d6fe-92e1-4b84-a122-929b3fe37f3a,3,logic-lm autoformalization ICL,qwen/qwen3-coder-next,qwen/qwen3-coder-next,yes,3,[3],3,True,False,,False,False,False,False,[3],False,[3],[3]
AR-LSAT,201606_2-G_4_18,1,qwen3-coder-next-three_shot_CoT-a3e3d6fe-92e1-4b84-a122-929b3fe37f3a,3,logic-lm autoformalization ICL,qwen/qwen3-coder-next,qwen/qwen3-coder-next,yes,[],[],3,False,False,,False,False,False,True,,False,[],
AR-LSAT,201606_2-G_4_18,2,qwen3-coder-next-three_shot_CoT-a3e3d6fe-92e1-4b84-a122-929b3fe37f3a,3,logic-lm autoformalization ICL,qwen/qwen3-coder-next,qwen/qwen3-coder-next,yes,3,[3],3,True,False,,False,False,False,False,[3],False,[3],[3]
AR-LSAT,201606_2-G_4_18,3,qwen3-coder-next-three_shot_CoT-a3e3d6fe-92e1-4b84-a122-929b3fe37f3a,3,logic-lm autoformalization ICL,qwen/qwen3-coder-next,qwen/qwen3-coder-next,yes,3,[3],3,True,False,,False,False,False,False,[3],False,[3],[3]
AR-LSAT,201606_2-G_4_18,4,qwen3-coder-next-three_shot_CoT-a3e3d6fe-92e1-4b84-a122-929b3fe37f3a,3,logic-lm autoformalization ICL,qwen/qwen3-coder-next,qwen/qwen3-coder-next,yes,2,[2],3,False,False,,False,False,False,False,[2],False,[2],[2]
AR-LSAT,201606_2-G_4_18,5,qwen3-coder-next-three_shot_CoT-a3e3d6fe-92e1-4b84-a122-929b3fe37f3a,3,logic-lm autoformalization ICL,qwen/qwen3-coder-next,qwen/qwen3-coder-next,yes,3,[3],3,True,False,,False,False,False,False,[3],False,[3],[3]
AR-LSAT,201606_2-G_4_18,6,qwen3-coder-next-three_shot_CoT-a3e3d6fe-92e1-4b84-a122-929b3fe37f3a,3,logic-lm autoformalization ICL,qwen/qwen3-coder-next,qwen/qwen3-coder-next,yes,[3],[3],3,True,False,,False,False,False,False,[3],False,[3],[3]
AR-LSAT,201606_2-G_4_18,7,qwen3-coder-next-three_shot_CoT-a3e3d6fe-92e1-4b84-a122-929b3fe37f3a,3,logic-lm autoformalization ICL,qwen/qwen3-coder-next,qwen/qwen3-coder-next,yes,3,[3],3,True,False,,False,False,False,False,[3],False,[3],[3]
AR-LSAT,201606_2-G_4_18,8,qwen3-coder-next-three_shot_CoT-a3e3d6fe-92e1-4b84-a122-929b3fe37f3a,3,logic-lm autoformalization ICL,qwen/qwen3-coder-next,qwen/qwen3-coder-next,yes,3,[3],3,True,False,,False,False,False,False,[3],False,[3],[3]
AR-LSAT,201606_2-G_4_18,9,qwen3-coder-next-three_shot_CoT-a3e3d6fe-92e1-4b84-a122-929b3fe37f3a,3,logic-lm autoformalization ICL,qwen/qwen3-coder-next,qwen/qwen3-coder-next,yes,[3],[3],3,True,False,,False,False,False,False,[3],False,[3],[3]
AR-LSAT,201606_2-G_4_18,10,qwen3-coder-next-three_shot_CoT-a3e3d6fe-92e1-4b84-a122-929b3fe37f3a,3,logic-lm autoformalization ICL,qwen/qwen3-coder-next,qwen/qwen3-coder-next,yes,[3],[3],3,True,False,,False,False,False,False,[3],False,[3],[3]
AR-LSAT,201606_2-G_4_18,11,qwen3-coder-next-three_shot_CoT-a3e3d6fe-92e1-4b84-a122-929b3fe37f3a,3,logic-lm autoformalization ICL,qwen/qwen3-coder-next,qwen/qwen3-coder-next,yes,[3],[3],3,True,False,,False,False,False,False,[3],False,[3],[3]
AR-LSAT,201606_2-G_4_18,12,qwen3-coder-next-three_shot_CoT-a3e3d6fe-92e1-4b84-a122-929b3fe37f3a,3,logic-lm autoformalization ICL,qwen/qwen3-coder-next,qwen/qwen3-coder-next,yes,[3],[3],3,True,False,,False,False,False,False,[3],False,[3],[3]
AR-LSAT,201606_2-G_4_18,13,qwen3-coder-next-three_shot_CoT-a3e3d6fe-92e1-4b84-a122-929b3fe37f3a,3,logic-lm autoformalization ICL,qwen/qwen3-coder-next,qwen/qwen3-coder-next,yes,[3],[3],3,True,False,,False,False,False,False,[3],False,[3],[3]
AR-LSAT,201606_2-G_4_18,14,qwen3-coder-next-three_shot_CoT-a3e3d6fe-92e1-4b84-a122-929b3fe37f3a,3,logic-lm autoformalization ICL,qwen/qwen3-coder-next,qwen/qwen3-coder-next,yes,[3],[3],3,True,False,,False,False,False,False,[3],False,[3],[3]
AR-LSAT,201212_4-G_2_10,0,qwen3-coder-next-three_shot_CoT-a3e3d6fe-92e1-4b84-a122-929b3fe37f3a,3,logic-lm autoformalization ICL,qwen/qwen3-coder-next,qwen/qwen3-coder-next,yes,[3],[3],3,True,False,,False,False,False,False,[3],False,[3],[3]
AR-LSAT,201212_4-G_2_10,1,qwen3-coder-next-three_shot_CoT-a3e3d6fe-92e1-4b84-a122-929b3fe37f3a,3,logic-lm autoformalization ICL,qwen/qwen3-coder-next,qwen/qwen3-coder-next,yes,[3],[3],3,True,False,,False,False,False,False,[3],False,[3],[3]
AR-LSAT,201212_4-G_2_10,2,qwen3-coder-next-three_shot_CoT-a3e3d6fe-92e1-4b84-a122-929b3fe37f3a,3,logic-lm autoformalization ICL,qwen/qwen3-coder-next,qwen/qwen3-coder-next,yes,3,[3],3,True,False,,False,False,False,False,[3],False,[3],[3]
AR-LSAT,201212_4-G_2_10,3,qwen3-coder-next-three_shot_CoT-a3e3d6fe-92e1-4b84-a122-929b3fe37f3a,3,logic-lm autoformalization ICL,qwen/qwen3-coder-next,qwen/qwen3-coder-next,yes,[3],[3],3,True,False,,False,False,False,False,[3],False,[3],[3]
AR-LSAT,201212_4-G_2_10,4,qwen3-coder-next-three_shot_CoT-a3e3d6fe-92e1-4b84-a122-929b3fe37f3a,3,logic-lm autoformalization ICL,qwen/qwen3-coder-next,qwen/qwen3-coder-next,yes,[3],[3],3,True,False,,False,False,False,False,[3],False,[3],[3]
AR-LSAT,201212_4-G_2_10,5,qwen3-coder-next-three_shot_CoT-a3e3d6fe-92e1-4b84-a122-929b3fe37f3a,3,logic-lm autoformalization ICL,qwen/qwen3-coder-next,qwen/qwen3-coder-next,yes,[3],[3],3,True,False,,False,False,False,False,[3],False,[3],[3]
AR-LSAT,201212_4-G_2_10,6,qwen3-coder-next-three_shot_CoT-a3e3d6fe-92e1-4b84-a122-929b3fe37f3a,3,logic-lm autoformalization ICL,qwen/qwen3-coder-next,qwen/qwen3-coder-next,yes,3,[3],3,True,False,,False,False,False,False,[3],False,[3],[3]
AR-LSAT,201212_4-G_2_10,7,qwen3-coder-next-three_shot_CoT-a3e3d6fe-92e1-4b84-a122-929b3fe37f3a,3,logic-lm autoformalization ICL,qwen/qwen3-coder-next,qwen/qwen3-coder-next,yes,[3],[3],3,True,False,,False,False,False,False,[3],False,[3],[3]
AR-LSAT,201212_4-G_2_10,8,qwen3-coder-next-three_shot_CoT-a3e3d6fe-92e1-4b84-a122-929b3fe37f3a,3,logic-lm autoformalization ICL,qwen/qwen3-coder-next,qwen/qwen3-coder-next,yes,[3],[3],3,True,False,,False,False,False,False,[3],False,[3],[3]
AR-LSAT,201212_4-G_2_10,9,qwen3-coder-next-three_shot_CoT-a3e3d6fe-92e1-4b84-a122-929b3fe37f3a,3,logic-lm autoformalization ICL,qwen/qwen3-coder-next,qwen/qwen3-coder-next,yes,[3],[3],3,True,False,,False,False,False,False,[3],False,[3],[3]
AR-LSAT,201212_4-G_2_10,10,qwen3-coder-next-three_shot_CoT-a3e3d6fe-92e1-4b84-a122-929b3fe37f3a,3,logic-lm autoformalization ICL,qwen/qwen3-coder-next,qwen/qwen3-coder-next,yes,[3],[3],3,True,False,,False,False,False,False,[3],False,[3],[3]
AR-LSAT,201212_4-G_2_10,11,qwen3-coder-next-three_shot_CoT-a3e3d6fe-92e1-4b84-a122-929b3fe37f3a,3,logic-lm autoformalization ICL,qwen/qwen3-coder-next,qwen/qwen3-coder-next,yes,3,[3],3,True,False,,False,False,False,False,[3],False,[3],[3]
AR-LSAT,201212_4-G_2_10,12,qwen3-coder-next-three_shot_CoT-a3e3d6fe-92e1-4b84-a122-929b3fe37f3a,3,logic-lm autoformalization ICL,qwen/qwen3-coder-next,qwen/qwen3-coder-next,yes,[3],[3],3,True,False,,False,False,False,False,[3],False,[3],[3]
AR-LSAT,201212_4-G_2_10,13,qwen3-coder-next-three_shot_CoT-a3e3d6fe-92e1-4b84-a122-929b3fe37f3a,3,logic-lm autoformalization ICL,qwen/qwen3-coder-next,qwen/qwen3-coder-next,yes,[3],[3],3,True,False,,False,False,False,False,[3],False,[3],[3]
AR-LSAT,201212_4-G_2_10,14,qwen3-coder-next-three_shot_CoT-a3e3d6fe-92e1-4b84-a122-929b3fe37f3a,3,logic-lm autoformalization ICL,qwen/qwen3-coder-next,qwen/qwen3-coder-next,yes,[3],[3],3,True,False,,False,False,False,False,[3],False,[3],[3]
AR-LSAT,201412_2-G_1_4,0,qwen3-coder-next-three_shot_CoT-a3e3d6fe-92e1-4b84-a122-929b3fe37f3a,3,logic-lm autoformalization ICL,qwen/qwen3-coder-next,qwen/qwen3-coder-next,yes,[0],[0],0,True,False,,False,False,False,False,[0],False,[0],[0]
AR-LSAT,201412_2-G_1_4,1,qwen3-coder-next-three_shot_CoT-a3e3d6fe-92e1-4b84-a122-929b3fe37f3a,3,logic-lm autoformalization ICL,qwen/qwen3-coder-next,qwen/qwen3-coder-next,yes,[0],[0],0,True,False,,False,False,False,False,[0],False,[0],[0]
AR-LSAT,201412_2-G_1_4,2,qwen3-coder-next-three_shot_CoT-a3e3d6fe-92e1-4b84-a122-929b3fe37f3a,3,logic-lm autoformalization ICL,qwen/qwen3-coder-next,qwen/qwen3-coder-next,yes,[0],[0],0,True,False,,False,False,False,False,[0],False,[0],[0]
AR-LSAT,201412_2-G_1_4,3,qwen3-coder-next-three_shot_CoT-a3e3d6fe-92e1-4b84-a122-929b3fe37f3a,3,logic-lm autoformalization ICL,qwen/qwen3-coder-next,qwen/qwen3-coder-next,yes,[0],[0],0,True,False,,False,False,False,False,[0],False,[0],[0]
AR-LSAT,201412_2-G_1_4,4,qwen3-coder-next-three_shot_CoT-a3e3d6fe-92e1-4b84-a122-929b3fe37f3a,3,logic-lm autoformalization ICL,qwen/qwen3-coder-next,qwen/qwen3-coder-next,yes,[0],[0],0,True,False,,False,False,False,False,[0],False,[0],[0]
AR-LSAT,201412_2-G_1_4,5,qwen3-coder-next-three_shot_CoT-a3e3d6fe-92e1-4b84-a122-929b3fe37f3a,3,logic-lm autoformalization ICL,qwen/qwen3-coder-next,qwen/qwen3-coder-next,yes,[0],[0],0,True,False,,False,False,False,False,[0],False,[0],[0]
AR-LSAT,201412_2-G_1_4,6,qwen3-coder-next-three_shot_CoT-a3e3d6fe-92e1-4b84-a122-929b3fe37f3a,3,logic-lm autoformalization ICL,qwen/qwen3-coder-next,qwen/qwen3-coder-next,yes,[0],[0],0,True,False,,False,False,False,False,[0],False,[0],[0]
AR-LSAT,201412_2-G_1_4,7,qwen3-coder-next-three_shot_CoT-a3e3d6fe-92e1-4b84-a122-929b3fe37f3a,3,logic-lm autoformalization ICL,qwen/qwen3-coder-next,qwen/qwen3-coder-next,yes,[0],[0],0,True,False,,False,False,False,False,[0],False,[0],[0]
AR-LSAT,201412_2-G_1_4,8,qwen3-coder-next-three_shot_CoT-a3e3d6fe-92e1-4b84-a122-929b3fe37f3a,3,logic-lm autoformalization ICL,qwen/qwen3-coder-next,qwen/qwen3-coder-next,yes,[0],[0],0,True,False,,False,False,False,False,[0],False,[0],[0]
AR-LSAT,201412_2-G_1_4,9,qwen3-coder-next-three_shot_CoT-a3e3d6fe-92e1-4b84-a122-929b3fe37f3a,3,logic-lm autoformalization ICL,qwen/qwen3-coder-next,qwen/qwen3-coder-next,yes,[0],[0],0,True,False,,False,False,False,False,[0],False,[0],[0]
AR-LSAT,201412_2-G_1_4,10,qwen3-coder-next-three_shot_CoT-a3e3d6fe-92e1-4b84-a122-929b3fe37f3a,3,logic-lm autoformalization ICL,qwen/qwen3-coder-next,qwen/qwen3-coder-next,yes,guitarist,[0],0,True,False,,False,False,False,False,[0],False,[0],[0]
AR-LSAT,201412_2-G_1_4,11,qwen3-coder-next-three_shot_CoT-a3e3d6fe-92e1-4b84-a122-929b3fe37f3a,3,logic-lm autoformalization ICL,qwen/qwen3-coder-next,qwen/qwen3-coder-next,yes,[0],[0],0,True,False,,False,False,False,False,[0],False,[0],[0]
AR-LSAT,201412_2-G_1_4,12,qwen3-coder-next-three_shot_CoT-a3e3d6fe-92e1-4b84-a122-929b3fe37f3a,3,logic-lm autoformalization ICL,qwen/qwen3-coder-next,qwen/qwen3-coder-next,yes,[0],[0],0,True,False,,False,False,False,False,[0],False,[0],[0]
AR-LSAT,201412_2-G_1_4,13,qwen3-coder-next-three_shot_CoT-a3e3d6fe-92e1-4b84-a122-929b3fe37f3a,3,logic-lm autoformalization ICL,qwen/qwen3-coder-next,qwen/qwen3-coder-next,yes,[0],[0],0,True,False,,False,False,False,False,[0],False,[0],[0]
AR-LSAT,201412_2-G_1_4,14,qwen3-coder-next-three_shot_CoT-a3e3d6fe-92e1-4b84-a122-929b3fe37f3a,3,logic-lm autoformalization ICL,qwen/qwen3-coder-next,qwen/qwen3-coder-next,yes,[0],[0],0,True,False,,False,False,False,False,[0],False,[0],[0]
AR-LSAT,200010_3-G_1_2,0,qwen3-coder-next-three_shot_CoT-a3e3d6fe-92e1-4b84-a122-929b3fe37f3a,3,logic-lm autoformalization ICL,qwen/qwen3-coder-next,qwen/qwen3-coder-next,yes,"[0, 1, 2, 3, 4]","[0, 1, 2, 3, 4]",3,False,False,,False,False,False,False,"[0, 1, 2, 3, 4]",True,,
AR-LSAT,200010_3-G_1_2,1,qwen3-coder-next-three_shot_CoT-a3e3d6fe-92e1-4b84-a122-929b3fe37f3a,3,logic-lm autoformalization ICL,qwen/qwen3-coder-next,qwen/qwen3-coder-next,yes,"[0, 1, 3, 4]","[0, 1, 3, 4]",3,False,False,,False,False,False,False,"[0, 1, 3, 4]",True,,
AR-LSAT,200010_3-G_1_2,2,qwen3-coder-next-three_shot_CoT-a3e3d6fe-92e1-4b84-a122-929b3fe37f3a,3,logic-lm autoformalization ICL,qwen/qwen3-coder-next,qwen/qwen3-coder-next,yes,[3],[3],3,True,False,,False,False,False,False,[3],False,[3],[3]
AR-LSAT,200010_3-G_1_2,3,qwen3-coder-next-three_shot_CoT-a3e3d6fe-92e1-4b84-a122-929b3fe37f3a,3,logic-lm autoformalization ICL,qwen/qwen3-coder-next,qwen/qwen3-coder-next,yes,"[0, 1, 2, 3, 4]","[0, 1, 2, 3, 4]",3,False,False,,False,False,False,False,"[0, 1, 2, 3, 4]",True,,
AR-LSAT,200010_3-G_1_2,4,qwen3-coder-next-three_shot_CoT-a3e3d6fe-92e1-4b84-a122-929b3fe37f3a,3,logic-lm autoformalization ICL,qwen/qwen3-coder-next,qwen/qwen3-coder-next,yes,"[0, 1, 3, 4]","[0, 1, 3, 4]",3,False,False,,False,False,False,False,"[0, 1, 3, 4]",True,,
AR-LSAT,200010_3-G_1_2,5,qwen3-coder-next-three_shot_CoT-a3e3d6fe-92e1-4b84-a122-929b3fe37f3a,3,logic-lm autoformalization ICL,qwen/qwen3-coder-next,qwen/qwen3-coder-next,yes,[3],[3],3,True,False,,False,False,False,False,[3],False,[3],[3]
AR-LSAT,200010_3-G_1_2,6,qwen3-coder-next-three_shot_CoT-a3e3d6fe-92e1-4b84-a122-929b3fe37f3a,3,logic-lm autoformalization ICL,qwen/qwen3-coder-next,qwen/qwen3-coder-next,yes,"Z3 execution error (return code 1).
Stderr: Traceback (most recent call last):
  File ""/tmp/tmp64ekhbuu.py"", line 26, in <module>
    solver.add(AtMost(report[s][d][0], report[s][d][1]))
               ~~~~~~^^^^^^^^^^^^^^^^^^^^^^^^^^^^^^^^^^
  File ""/workspaces/draft-and-prune/.venv/lib/python3.13/site-packages/z3/z3.py"", line 9187, in AtMost
    return BoolRef(Z3_mk_atmost(ctx.ref(), sz, _args, k), ctx)
                   ~~~~~~~~~~~~^^^^^^^^^^^^^^^^^^^^^^^^^
  File ""/workspaces/draft-and-prune/.venv/lib/python3.13/site-packages/z3/z3core.py"", line 2974, in Z3_mk_atmost
    r = _elems.f(a0, a1, a2, a3)
ctypes.ArgumentError: argument 4: TypeError: 'BoolRef' object cannot be interpreted as an integer

Stdout: ",syntax error,3,False,True,runtime_error,False,True,False,False,syntax error,False,syntax error,syntax error
AR-LSAT,200010_3-G_1_2,7,qwen3-coder-next-three_shot_CoT-a3e3d6fe-92e1-4b84-a122-929b3fe37f3a,3,logic-lm autoformalization ICL,qwen/qwen3-coder-next,qwen/qwen3-coder-next,yes,[3],[3],3,True,False,,False,False,False,False,[3],False,[3],[3]
AR-LSAT,200010_3-G_1_2,8,qwen3-coder-next-three_shot_CoT-a3e3d6fe-92e1-4b84-a122-929b3fe37f3a,3,logic-lm autoformalization ICL,qwen/qwen3-coder-next,qwen/qwen3-coder-next,yes,[3],[3],3,True,False,,False,False,False,False,[3],False,[3],[3]
AR-LSAT,200010_3-G_1_2,9,qwen3-coder-next-three_shot_CoT-a3e3d6fe-92e1-4b84-a122-929b3fe37f3a,3,logic-lm autoformalization ICL,qwen/qwen3-coder-next,qwen/qwen3-coder-next,yes,[3],[3],3,True,False,,False,False,False,False,[3],False,[3],[3]
AR-LSAT,200010_3-G_1_2,10,qwen3-coder-next-three_shot_CoT-a3e3d6fe-92e1-4b84-a122-929b3fe37f3a,3,logic-lm autoformalization ICL,qwen/qwen3-coder-next,qwen/qwen3-coder-next,yes,"[0, 1, 3, 4]","[0, 1, 3, 4]",3,False,False,,False,False,False,False,"[0, 1, 3, 4]",True,,
AR-LSAT,200010_3-G_1_2,11,qwen3-coder-next-three_shot_CoT-a3e3d6fe-92e1-4b84-a122-929b3fe37f3a,3,logic-lm autoformalization ICL,qwen/qwen3-coder-next,qwen/qwen3-coder-next,yes,"[0, 1, 3, 4]","[0, 1, 3, 4]",3,False,False,,False,False,False,False,"[0, 1, 3, 4]",True,,
AR-LSAT,200010_3-G_1_2,12,qwen3-coder-next-three_shot_CoT-a3e3d6fe-92e1-4b84-a122-929b3fe37f3a,3,logic-lm autoformalization ICL,qwen/qwen3-coder-next,qwen/qwen3-coder-next,yes,[3],[3],3,True,False,,False,False,False,False,[3],False,[3],[3]
AR-LSAT,200010_3-G_1_2,13,qwen3-coder-next-three_shot_CoT-a3e3d6fe-92e1-4b84-a122-929b3fe37f3a,3,logic-lm autoformalization ICL,qwen/qwen3-coder-next,qwen/qwen3-coder-next,yes,[3],[3],3,True,False,,False,False,False,False,[3],False,[3],[3]
AR-LSAT,200010_3-G_1_2,14,qwen3-coder-next-three_shot_CoT-a3e3d6fe-92e1-4b84-a122-929b3fe37f3a,3,logic-lm autoformalization ICL,qwen/qwen3-coder-next,qwen/qwen3-coder-next,yes,[3],[3],3,True,False,,False,False,False,False,[3],False,[3],[3]
AR-LSAT,200312_1-G_3_18,0,qwen3-coder-next-three_shot_CoT-a3e3d6fe-92e1-4b84-a122-929b3fe37f3a,3,logic-lm autoformalization ICL,qwen/qwen3-coder-next,qwen/qwen3-coder-next,yes,"[0, 1, 2, 3, 4]","[0, 1, 2, 3, 4]",4,False,False,,False,False,False,False,"[0, 1, 2, 3, 4]",True,,
AR-LSAT,200312_1-G_3_18,1,qwen3-coder-next-three_shot_CoT-a3e3d6fe-92e1-4b84-a122-929b3fe37f3a,3,logic-lm autoformalization ICL,qwen/qwen3-coder-next,qwen/qwen3-coder-next,yes,[4],[4],4,True,False,,False,False,False,False,[4],False,[4],[4]
AR-LSAT,200312_1-G_3_18,2,qwen3-coder-next-three_shot_CoT-a3e3d6fe-92e1-4b84-a122-929b3fe37f3a,3,logic-lm autoformalization ICL,qwen/qwen3-coder-next,qwen/qwen3-coder-next,yes,[4],[4],4,True,False,,False,False,False,False,[4],False,[4],[4]
AR-LSAT,200312_1-G_3_18,3,qwen3-coder-next-three_shot_CoT-a3e3d6fe-92e1-4b84-a122-929b3fe37f3a,3,logic-lm autoformalization ICL,qwen/qwen3-coder-next,qwen/qwen3-coder-next,yes,"[0, 1, 2, 3, 4]","[0, 1, 2, 3, 4]",4,False,False,,False,False,False,False,"[0, 1, 2, 3, 4]",True,,
AR-LSAT,200312_1-G_3_18,4,qwen3-coder-next-three_shot_CoT-a3e3d6fe-92e1-4b84-a122-929b3fe37f3a,3,logic-lm autoformalization ICL,qwen/qwen3-coder-next,qwen/qwen3-coder-next,yes,"[0, 1, 2, 3, 4]","[0, 1, 2, 3, 4]",4,False,False,,False,False,False,False,"[0, 1, 2, 3, 4]",True,,
AR-LSAT,200312_1-G_3_18,5,qwen3-coder-next-three_shot_CoT-a3e3d6fe-92e1-4b84-a122-929b3fe37f3a,3,logic-lm autoformalization ICL,qwen/qwen3-coder-next,qwen/qwen3-coder-next,yes,[4],[4],4,True,False,,False,False,False,False,[4],False,[4],[4]
AR-LSAT,200312_1-G_3_18,6,qwen3-coder-next-three_shot_CoT-a3e3d6fe-92e1-4b84-a122-929b3fe37f3a,3,logic-lm autoformalization ICL,qwen/qwen3-coder-next,qwen/qwen3-coder-next,yes,[4],[4],4,True,False,,False,False,False,False,[4],False,[4],[4]
AR-LSAT,200312_1-G_3_18,7,qwen3-coder-next-three_shot_CoT-a3e3d6fe-92e1-4b84-a122-929b3fe37f3a,3,logic-lm autoformalization ICL,qwen/qwen3-coder-next,qwen/qwen3-coder-next,yes,"[0, 1, 2, 3, 4]","[0, 1, 2, 3, 4]",4,False,False,,False,False,False,False,"[0, 1, 2, 3, 4]",True,,
AR-LSAT,200312_1-G_3_18,8,qwen3-coder-next-three_shot_CoT-a3e3d6fe-92e1-4b84-a122-929b3fe37f3a,3,logic-lm autoformalization ICL,qwen/qwen3-coder-next,qwen/qwen3-coder-next,yes,[4],[4],4,True,False,,False,False,False,False,[4],False,[4],[4]
AR-LSAT,200312_1-G_3_18,9,qwen3-coder-next-three_shot_CoT-a3e3d6fe-92e1-4b84-a122-929b3fe37f3a,3,logic-lm autoformalization ICL,qwen/qwen3-coder-next,qwen/qwen3-coder-next,yes,"[0, 1, 2, 3, 4]","[0, 1, 2, 3, 4]",4,False,False,,False,False,False,False,"[0, 1, 2, 3, 4]",True,,
AR-LSAT,200312_1-G_3_18,10,qwen3-coder-next-three_shot_CoT-a3e3d6fe-92e1-4b84-a122-929b3fe37f3a,3,logic-lm autoformalization ICL,qwen/qwen3-coder-next,qwen/qwen3-coder-next,yes,"[0, 1, 2, 3, 4]","[0, 1, 2, 3, 4]",4,False,False,,False,False,False,False,"[0, 1, 2, 3, 4]",True,,
AR-LSAT,200312_1-G_3_18,11,qwen3-coder-next-three_shot_CoT-a3e3d6fe-92e1-4b84-a122-929b3fe37f3a,3,logic-lm autoformalization ICL,qwen/qwen3-coder-next,qwen/qwen3-coder-next,yes,[4],[4],4,True,False,,False,False,False,False,[4],False,[4],[4]
AR-LSAT,200312_1-G_3_18,12,qwen3-coder-next-three_shot_CoT-a3e3d6fe-92e1-4b84-a122-929b3fe37f3a,3,logic-lm autoformalization ICL,qwen/qwen3-coder-next,qwen/qwen3-coder-next,yes,"[0, 1, 2, 3, 4]","[0, 1, 2, 3, 4]",4,False,False,,False,False,False,False,"[0, 1, 2, 3, 4]",True,,
AR-LSAT,200312_1-G_3_18,13,qwen3-coder-next-three_shot_CoT-a3e3d6fe-92e1-4b84-a122-929b3fe37f3a,3,logic-lm autoformalization ICL,qwen/qwen3-coder-next,qwen/qwen3-coder-next,yes,"[0, 1, 2, 3, 4]","[0, 1, 2, 3, 4]",4,False,False,,False,False,False,False,"[0, 1, 2, 3, 4]",True,,
AR-LSAT,200312_1-G_3_18,14,qwen3-coder-next-three_shot_CoT-a3e3d6fe-92e1-4b84-a122-929b3fe37f3a,3,logic-lm autoformalization ICL,qwen/qwen3-coder-next,qwen/qwen3-coder-next,yes,"[1, 4]","[1, 4]",4,False,False,,False,False,False,False,"[1, 4]",True,,
AR-LSAT,201206_3-G_4_22,0,qwen3-coder-next-three_shot_CoT-a3e3d6fe-92e1-4b84-a122-929b3fe37f3a,3,logic-lm autoformalization ICL,qwen/qwen3-coder-next,qwen/qwen3-coder-next,yes,[],[],2,False,False,,False,False,False,True,,False,[],
AR-LSAT,201206_3-G_4_22,1,qwen3-coder-next-three_shot_CoT-a3e3d6fe-92e1-4b84-a122-929b3fe37f3a,3,logic-lm autoformalization ICL,qwen/qwen3-coder-next,qwen/qwen3-coder-next,yes,[2],[2],2,True,False,,False,False,False,False,[2],False,[2],[2]
AR-LSAT,201206_3-G_4_22,2,qwen3-coder-next-three_shot_CoT-a3e3d6fe-92e1-4b84-a122-929b3fe37f3a,3,logic-lm autoformalization ICL,qwen/qwen3-coder-next,qwen/qwen3-coder-next,yes,[],[],2,False,False,,False,False,False,True,,False,[],
AR-LSAT,201206_3-G_4_22,3,qwen3-coder-next-three_shot_CoT-a3e3d6fe-92e1-4b84-a122-929b3fe37f3a,3,logic-lm autoformalization ICL,qwen/qwen3-coder-next,qwen/qwen3-coder-next,yes,[2],[2],2,True,False,,False,False,False,False,[2],False,[2],[2]
AR-LSAT,201206_3-G_4_22,4,qwen3-coder-next-three_shot_CoT-a3e3d6fe-92e1-4b84-a122-929b3fe37f3a,3,logic-lm autoformalization ICL,qwen/qwen3-coder-next,qwen/qwen3-coder-next,yes,[2],[2],2,True,False,,False,False,False,False,[2],False,[2],[2]
AR-LSAT,201206_3-G_4_22,5,qwen3-coder-next-three_shot_CoT-a3e3d6fe-92e1-4b84-a122-929b3fe37f3a,3,logic-lm autoformalization ICL,qwen/qwen3-coder-next,qwen/qwen3-coder-next,yes,[2],[2],2,True,False,,False,False,False,False,[2],False,[2],[2]
AR-LSAT,201206_3-G_4_22,6,qwen3-coder-next-three_shot_CoT-a3e3d6fe-92e1-4b84-a122-929b3fe37f3a,3,logic-lm autoformalization ICL,qwen/qwen3-coder-next,qwen/qwen3-coder-next,yes,"[0, 2]","[0, 2]",2,False,False,,False,False,False,False,"[0, 2]",True,,
AR-LSAT,201206_3-G_4_22,7,qwen3-coder-next-three_shot_CoT-a3e3d6fe-92e1-4b84-a122-929b3fe37f3a,3,logic-lm autoformalization ICL,qwen/qwen3-coder-next,qwen/qwen3-coder-next,yes,[],[],2,False,False,,False,False,False,True,,False,[],
AR-LSAT,201206_3-G_4_22,8,qwen3-coder-next-three_shot_CoT-a3e3d6fe-92e1-4b84-a122-929b3fe37f3a,3,logic-lm autoformalization ICL,qwen/qwen3-coder-next,qwen/qwen3-coder-next,yes,[],[],2,False,False,,False,False,False,True,,False,[],
AR-LSAT,201206_3-G_4_22,9,qwen3-coder-next-three_shot_CoT-a3e3d6fe-92e1-4b84-a122-929b3fe37f3a,3,logic-lm autoformalization ICL,qwen/qwen3-coder-next,qwen/qwen3-coder-next,yes,[],[],2,False,False,,False,False,False,True,,False,[],
AR-LSAT,201206_3-G_4_22,10,qwen3-coder-next-three_shot_CoT-a3e3d6fe-92e1-4b84-a122-929b3fe37f3a,3,logic-lm autoformalization ICL,qwen/qwen3-coder-next,qwen/qwen3-coder-next,yes,[],[],2,False,False,,False,False,False,True,,False,[],
AR-LSAT,201206_3-G_4_22,11,qwen3-coder-next-three_shot_CoT-a3e3d6fe-92e1-4b84-a122-929b3fe37f3a,3,logic-lm autoformalization ICL,qwen/qwen3-coder-next,qwen/qwen3-coder-next,yes,"[2, 3, 4]","[2, 3, 4]",2,False,False,,False,False,False,False,"[2, 3, 4]",True,,
AR-LSAT,201206_3-G_4_22,12,qwen3-coder-next-three_shot_CoT-a3e3d6fe-92e1-4b84-a122-929b3fe37f3a,3,logic-lm autoformalization ICL,qwen/qwen3-coder-next,qwen/qwen3-coder-next,yes,[],[],2,False,False,,False,False,False,True,,False,[],
AR-LSAT,201206_3-G_4_22,13,qwen3-coder-next-three_shot_CoT-a3e3d6fe-92e1-4b84-a122-929b3fe37f3a,3,logic-lm autoformalization ICL,qwen/qwen3-coder-next,qwen/qwen3-coder-next,yes,[2],[2],2,True,False,,False,False,False,False,[2],False,[2],[2]
AR-LSAT,201206_3-G_4_22,14,qwen3-coder-next-three_shot_CoT-a3e3d6fe-92e1-4b84-a122-929b3fe37f3a,3,logic-lm autoformalization ICL,qwen/qwen3-coder-next,qwen/qwen3-coder-next,yes,[2],[2],2,True,False,,False,False,False,False,[2],False,[2],[2]
AR-LSAT,200312_1-G_2_8,0,qwen3-coder-next-three_shot_CoT-a3e3d6fe-92e1-4b84-a122-929b3fe37f3a,3,logic-lm autoformalization ICL,qwen/qwen3-coder-next,qwen/qwen3-coder-next,yes,four,[2],2,True,False,,False,False,False,False,[2],False,[2],[2]
AR-LSAT,200312_1-G_2_8,1,qwen3-coder-next-three_shot_CoT-a3e3d6fe-92e1-4b84-a122-929b3fe37f3a,3,logic-lm autoformalization ICL,qwen/qwen3-coder-next,qwen/qwen3-coder-next,yes,four,[2],2,True,False,,False,False,False,False,[2],False,[2],[2]
AR-LSAT,200312_1-G_2_8,2,qwen3-coder-next-three_shot_CoT-a3e3d6fe-92e1-4b84-a122-929b3fe37f3a,3,logic-lm autoformalization ICL,qwen/qwen3-coder-next,qwen/qwen3-coder-next,yes,four,[2],2,True,False,,False,False,False,False,[2],False,[2],[2]
AR-LSAT,200312_1-G_2_8,3,qwen3-coder-next-three_shot_CoT-a3e3d6fe-92e1-4b84-a122-929b3fe37f3a,3,logic-lm autoformalization ICL,qwen/qwen3-coder-next,qwen/qwen3-coder-next,yes,four,[2],2,True,False,,False,False,False,False,[2],False,[2],[2]
AR-LSAT,200312_1-G_2_8,4,qwen3-coder-next-three_shot_CoT-a3e3d6fe-92e1-4b84-a122-929b3fe37f3a,3,logic-lm autoformalization ICL,qwen/qwen3-coder-next,qwen/qwen3-coder-next,yes,4,[4],2,False,False,,False,False,False,False,[4],False,[4],[4]
AR-LSAT,200312_1-G_2_8,5,qwen3-coder-next-three_shot_CoT-a3e3d6fe-92e1-4b84-a122-929b3fe37f3a,3,logic-lm autoformalization ICL,qwen/qwen3-coder-next,qwen/qwen3-coder-next,yes,4,[4],2,False,False,,False,False,False,False,[4],False,[4],[4]
AR-LSAT,200312_1-G_2_8,6,qwen3-coder-next-three_shot_CoT-a3e3d6fe-92e1-4b84-a122-929b3fe37f3a,3,logic-lm autoformalization ICL,qwen/qwen3-coder-next,qwen/qwen3-coder-next,yes,four,[2],2,True,False,,False,False,False,False,[2],False,[2],[2]
AR-LSAT,200312_1-G_2_8,7,qwen3-coder-next-three_shot_CoT-a3e3d6fe-92e1-4b84-a122-929b3fe37f3a,3,logic-lm autoformalization ICL,qwen/qwen3-coder-next,qwen/qwen3-coder-next,yes,4,[4],2,False,False,,False,False,False,False,[4],False,[4],[4]
AR-LSAT,200312_1-G_2_8,8,qwen3-coder-next-three_shot_CoT-a3e3d6fe-92e1-4b84-a122-929b3fe37f3a,3,logic-lm autoformalization ICL,qwen/qwen3-coder-next,qwen/qwen3-coder-next,yes,4,[4],2,False,False,,False,False,False,False,[4],False,[4],[4]
AR-LSAT,200312_1-G_2_8,9,qwen3-coder-next-three_shot_CoT-a3e3d6fe-92e1-4b84-a122-929b3fe37f3a,3,logic-lm autoformalization ICL,qwen/qwen3-coder-next,qwen/qwen3-coder-next,yes,four,[2],2,True,False,,False,False,False,False,[2],False,[2],[2]
AR-LSAT,200312_1-G_2_8,10,qwen3-coder-next-three_shot_CoT-a3e3d6fe-92e1-4b84-a122-929b3fe37f3a,3,logic-lm autoformalization ICL,qwen/qwen3-coder-next,qwen/qwen3-coder-next,yes,four,[2],2,True,False,,False,False,False,False,[2],False,[2],[2]
AR-LSAT,200312_1-G_2_8,11,qwen3-coder-next-three_shot_CoT-a3e3d6fe-92e1-4b84-a122-929b3fe37f3a,3,logic-lm autoformalization ICL,qwen/qwen3-coder-next,qwen/qwen3-coder-next,yes,four,[2],2,True,False,,False,False,False,False,[2],False,[2],[2]
AR-LSAT,200312_1-G_2_8,12,qwen3-coder-next-three_shot_CoT-a3e3d6fe-92e1-4b84-a122-929b3fe37f3a,3,logic-lm autoformalization ICL,qwen/qwen3-coder-next,qwen/qwen3-coder-next,yes,four,[2],2,True,False,,False,False,False,False,[2],False,[2],[2]
AR-LSAT,200312_1-G_2_8,13,qwen3-coder-next-three_shot_CoT-a3e3d6fe-92e1-4b84-a122-929b3fe37f3a,3,logic-lm autoformalization ICL,qwen/qwen3-coder-next,qwen/qwen3-coder-next,yes,4,[4],2,False,False,,False,False,False,False,[4],False,[4],[4]
AR-LSAT,200312_1-G_2_8,14,qwen3-coder-next-three_shot_CoT-a3e3d6fe-92e1-4b84-a122-929b3fe37f3a,3,logic-lm autoformalization ICL,qwen/qwen3-coder-next,qwen/qwen3-coder-next,yes,four,[2],2,True,False,,False,False,False,False,[2],False,[2],[2]
AR-LSAT,201412_2-G_3_14,0,qwen3-coder-next-three_shot_CoT-a3e3d6fe-92e1-4b84-a122-929b3fe37f3a,3,logic-lm autoformalization ICL,qwen/qwen3-coder-next,qwen/qwen3-coder-next,yes,[3],[3],3,True,False,,False,False,False,False,[3],False,[3],[3]
AR-LSAT,201412_2-G_3_14,1,qwen3-coder-next-three_shot_CoT-a3e3d6fe-92e1-4b84-a122-929b3fe37f3a,3,logic-lm autoformalization ICL,qwen/qwen3-coder-next,qwen/qwen3-coder-next,yes,[3],[3],3,True,False,,False,False,False,False,[3],False,[3],[3]
AR-LSAT,201412_2-G_3_14,2,qwen3-coder-next-three_shot_CoT-a3e3d6fe-92e1-4b84-a122-929b3fe37f3a,3,logic-lm autoformalization ICL,qwen/qwen3-coder-next,qwen/qwen3-coder-next,yes,[3],[3],3,True,False,,False,False,False,False,[3],False,[3],[3]
AR-LSAT,201412_2-G_3_14,3,qwen3-coder-next-three_shot_CoT-a3e3d6fe-92e1-4b84-a122-929b3fe37f3a,3,logic-lm autoformalization ICL,qwen/qwen3-coder-next,qwen/qwen3-coder-next,yes,[3],[3],3,True,False,,False,False,False,False,[3],False,[3],[3]
AR-LSAT,201412_2-G_3_14,4,qwen3-coder-next-three_shot_CoT-a3e3d6fe-92e1-4b84-a122-929b3fe37f3a,3,logic-lm autoformalization ICL,qwen/qwen3-coder-next,qwen/qwen3-coder-next,yes,[3],[3],3,True,False,,False,False,False,False,[3],False,[3],[3]
AR-LSAT,201412_2-G_3_14,5,qwen3-coder-next-three_shot_CoT-a3e3d6fe-92e1-4b84-a122-929b3fe37f3a,3,logic-lm autoformalization ICL,qwen/qwen3-coder-next,qwen/qwen3-coder-next,yes,"[0, 1, 2, 3, 4]","[0, 1, 2, 3, 4]",3,False,False,,False,False,False,False,"[0, 1, 2, 3, 4]",True,,
AR-LSAT,201412_2-G_3_14,6,qwen3-coder-next-three_shot_CoT-a3e3d6fe-92e1-4b84-a122-929b3fe37f3a,3,logic-lm autoformalization ICL,qwen/qwen3-coder-next,qwen/qwen3-coder-next,yes,"[0, 1, 2, 3, 4]","[0, 1, 2, 3, 4]",3,False,False,,False,False,False,False,"[0, 1, 2, 3, 4]",True,,
AR-LSAT,201412_2-G_3_14,7,qwen3-coder-next-three_shot_CoT-a3e3d6fe-92e1-4b84-a122-929b3fe37f3a,3,logic-lm autoformalization ICL,qwen/qwen3-coder-next,qwen/qwen3-coder-next,yes,[3],[3],3,True,False,,False,False,False,False,[3],False,[3],[3]
AR-LSAT,201412_2-G_3_14,8,qwen3-coder-next-three_shot_CoT-a3e3d6fe-92e1-4b84-a122-929b3fe37f3a,3,logic-lm autoformalization ICL,qwen/qwen3-coder-next,qwen/qwen3-coder-next,yes,[3],[3],3,True,False,,False,False,False,False,[3],False,[3],[3]
AR-LSAT,201412_2-G_3_14,9,qwen3-coder-next-three_shot_CoT-a3e3d6fe-92e1-4b84-a122-929b3fe37f3a,3,logic-lm autoformalization ICL,qwen/qwen3-coder-next,qwen/qwen3-coder-next,yes,"[2, 3]","[2, 3]",3,False,False,,False,False,False,False,"[2, 3]",True,,
AR-LSAT,201412_2-G_3_14,10,qwen3-coder-next-three_shot_CoT-a3e3d6fe-92e1-4b84-a122-929b3fe37f3a,3,logic-lm autoformalization ICL,qwen/qwen3-coder-next,qwen/qwen3-coder-next,yes,[3],[3],3,True,False,,False,False,False,False,[3],False,[3],[3]
AR-LSAT,201412_2-G_3_14,11,qwen3-coder-next-three_shot_CoT-a3e3d6fe-92e1-4b84-a122-929b3fe37f3a,3,logic-lm autoformalization ICL,qwen/qwen3-coder-next,qwen/qwen3-coder-next,yes,[3],[3],3,True,False,,False,False,False,False,[3],False,[3],[3]
AR-LSAT,201412_2-G_3_14,12,qwen3-coder-next-three_shot_CoT-a3e3d6fe-92e1-4b84-a122-929b3fe37f3a,3,logic-lm autoformalization ICL,qwen/qwen3-coder-next,qwen/qwen3-coder-next,yes,[3],[3],3,True,False,,False,False,False,False,[3],False,[3],[3]
AR-LSAT,201412_2-G_3_14,13,qwen3-coder-next-three_shot_CoT-a3e3d6fe-92e1-4b84-a122-929b3fe37f3a,3,logic-lm autoformalization ICL,qwen/qwen3-coder-next,qwen/qwen3-coder-next,yes,[3],[3],3,True,False,,False,False,False,False,[3],False,[3],[3]
AR-LSAT,201412_2-G_3_14,14,qwen3-coder-next-three_shot_CoT-a3e3d6fe-92e1-4b84-a122-929b3fe37f3a,3,logic-lm autoformalization ICL,qwen/qwen3-coder-next,qwen/qwen3-coder-next,yes,"[0, 1, 2, 3, 4]","[0, 1, 2, 3, 4]",3,False,False,,False,False,False,False,"[0, 1, 2, 3, 4]",True,,
AR-LSAT,201110_2-G_3_15,0,qwen3-coder-next-three_shot_CoT-a3e3d6fe-92e1-4b84-a122-929b3fe37f3a,3,logic-lm autoformalization ICL,qwen/qwen3-coder-next,qwen/qwen3-coder-next,yes,"Z3 execution error (return code 1).
Stderr: Traceback (most recent call last):
  File ""/tmp/tmp7qffocd3.py"", line 16, in <module>
    solver.add(PbAtLeast(*[(first[i][j], 1) for j in range(4)], 1))
               ^^^^^^^^^
NameError: name 'PbAtLeast' is not defined

Stdout: ",syntax error,3,False,True,runtime_error,False,True,False,False,syntax error,False,syntax error,syntax error
AR-LSAT,201110_2-G_3_15,1,qwen3-coder-next-three_shot_CoT-a3e3d6fe-92e1-4b84-a122-929b3fe37f3a,3,logic-lm autoformalization ICL,qwen/qwen3-coder-next,qwen/qwen3-coder-next,yes,[3],[3],3,True,False,,False,False,False,False,[3],False,[3],[3]
AR-LSAT,201110_2-G_3_15,2,qwen3-coder-next-three_shot_CoT-a3e3d6fe-92e1-4b84-a122-929b3fe37f3a,3,logic-lm autoformalization ICL,qwen/qwen3-coder-next,qwen/qwen3-coder-next,yes,3,[3],3,True,False,,False,False,False,False,[3],False,[3],[3]
AR-LSAT,201110_2-G_3_15,3,qwen3-coder-next-three_shot_CoT-a3e3d6fe-92e1-4b84-a122-929b3fe37f3a,3,logic-lm autoformalization ICL,qwen/qwen3-coder-next,qwen/qwen3-coder-next,yes,[3],[3],3,True,False,,False,False,False,False,[3],False,[3],[3]
AR-LSAT,201110_2-G_3_15,4,qwen3-coder-next-three_shot_CoT-a3e3d6fe-92e1-4b84-a122-929b3fe37f3a,3,logic-lm autoformalization ICL,qwen/qwen3-coder-next,qwen/qwen3-coder-next,yes,"Z3 execution error (return code 1).
Stderr: Traceback (most recent call last):
  File ""/tmp/tmp186i7mxx.py"", line 17, in <module>
    solver.add(PbAtMost([(d1[r][b], 1) for b in range(4)], 1))
               ^^^^^^^^
NameError: name 'PbAtMost' is not defined

Stdout: ",syntax error,3,False,True,runtime_error,False,True,False,False,syntax error,False,syntax error,syntax error
AR-LSAT,201110_2-G_3_15,5,qwen3-coder-next-three_shot_CoT-a3e3d6fe-92e1-4b84-a122-929b3fe37f3a,3,logic-lm autoformalization ICL,qwen/qwen3-coder-next,qwen/qwen3-coder-next,yes,[3],[3],3,True,False,,False,False,False,False,[3],False,[3],[3]
AR-LSAT,201110_2-G_3_15,6,qwen3-coder-next-three_shot_CoT-a3e3d6fe-92e1-4b84-a122-929b3fe37f3a,3,logic-lm autoformalization ICL,qwen/qwen3-coder-next,qwen/qwen3-coder-next,yes,[3],[3],3,True,False,,False,False,False,False,[3],False,[3],[3]
AR-LSAT,201110_2-G_3_15,7,qwen3-coder-next-three_shot_CoT-a3e3d6fe-92e1-4b84-a122-929b3fe37f3a,3,logic-lm autoformalization ICL,qwen/qwen3-coder-next,qwen/qwen3-coder-next,yes,"[2, 3]","[2, 3]",3,False,False,,False,False,False,False,"[2, 3]",True,,
AR-LSAT,201110_2-G_3_15,8,qwen3-coder-next-three_shot_CoT-a3e3d6fe-92e1-4b84-a122-929b3fe37f3a,3,logic-lm autoformalization ICL,qwen/qwen3-coder-next,qwen/qwen3-coder-next,yes,[3],[3],3,True,False,,False,False,False,False,[3],False,[3],[3]
AR-LSAT,201110_2-G_3_15,9,qwen3-coder-next-three_shot_CoT-a3e3d6fe-92e1-4b84-a122-929b3fe37f3a,3,logic-lm autoformalization ICL,qwen/qwen3-coder-next,qwen/qwen3-coder-next,yes,"Z3 execution error (return code 1).
Stderr: Traceback (most recent call last):
  File ""/tmp/tmp3tlnqsy6.py"", line 14, in <module>
    solver.add(PbAtLeast(*[(first[i][j], 1) for j in range(4)], 1))
               ^^^^^^^^^
NameError: name 'PbAtLeast' is not defined

Stdout: ",syntax error,3,False,True,runtime_error,False,True,False,False,syntax error,False,syntax error,syntax error
AR-LSAT,201110_2-G_3_15,10,qwen3-coder-next-three_shot_CoT-a3e3d6fe-92e1-4b84-a122-929b3fe37f3a,3,logic-lm autoformalization ICL,qwen/qwen3-coder-next,qwen/qwen3-coder-next,yes,[3],[3],3,True,False,,False,False,False,False,[3],False,[3],[3]
AR-LSAT,201110_2-G_3_15,11,qwen3-coder-next-three_shot_CoT-a3e3d6fe-92e1-4b84-a122-929b3fe37f3a,3,logic-lm autoformalization ICL,qwen/qwen3-coder-next,qwen/qwen3-coder-next,yes,[3],[3],3,True,False,,False,False,False,False,[3],False,[3],[3]
AR-LSAT,201110_2-G_3_15,12,qwen3-coder-next-three_shot_CoT-a3e3d6fe-92e1-4b84-a122-929b3fe37f3a,3,logic-lm autoformalization ICL,qwen/qwen3-coder-next,qwen/qwen3-coder-next,yes,[3],[3],3,True,False,,False,False,False,False,[3],False,[3],[3]
AR-LSAT,201110_2-G_3_15,13,qwen3-coder-next-three_shot_CoT-a3e3d6fe-92e1-4b84-a122-929b3fe37f3a,3,logic-lm autoformalization ICL,qwen/qwen3-coder-next,qwen/qwen3-coder-next,yes,"Z3 execution error (return code 1).
Stderr: Traceback (most recent call last):
  File ""/tmp/tmph0e9a8pt.py"", line 16, in <module>
    solver.add(PbAtLeast([(r1[i][j], 1) for j in range(4)], 1))
               ^^^^^^^^^
NameError: name 'PbAtLeast' is not defined

Stdout: ",syntax error,3,False,True,runtime_error,False,True,False,False,syntax error,False,syntax error,syntax error
AR-LSAT,201110_2-G_3_15,14,qwen3-coder-next-three_shot_CoT-a3e3d6fe-92e1-4b84-a122-929b3fe37f3a,3,logic-lm autoformalization ICL,qwen/qwen3-coder-next,qwen/qwen3-coder-next,yes,3,[3],3,True,False,,False,False,False,False,[3],False,[3],[3]
AR-LSAT,201606_2-G_2_8,0,qwen3-coder-next-three_shot_CoT-a3e3d6fe-92e1-4b84-a122-929b3fe37f3a,3,logic-lm autoformalization ICL,qwen/qwen3-coder-next,qwen/qwen3-coder-next,yes,[],[],0,False,False,,False,False,False,True,,False,[],
AR-LSAT,201606_2-G_2_8,1,qwen3-coder-next-three_shot_CoT-a3e3d6fe-92e1-4b84-a122-929b3fe37f3a,3,logic-lm autoformalization ICL,qwen/qwen3-coder-next,qwen/qwen3-coder-next,yes,0,[0],0,True,False,,False,False,False,False,[0],False,[0],[0]
AR-LSAT,201606_2-G_2_8,2,qwen3-coder-next-three_shot_CoT-a3e3d6fe-92e1-4b84-a122-929b3fe37f3a,3,logic-lm autoformalization ICL,qwen/qwen3-coder-next,qwen/qwen3-coder-next,yes,"[0, 1, 3, 4]","[0, 1, 3, 4]",0,False,False,,False,False,False,False,"[0, 1, 3, 4]",True,,
AR-LSAT,201606_2-G_2_8,3,qwen3-coder-next-three_shot_CoT-a3e3d6fe-92e1-4b84-a122-929b3fe37f3a,3,logic-lm autoformalization ICL,qwen/qwen3-coder-next,qwen/qwen3-coder-next,yes,[],[],0,False,False,,False,False,False,True,,False,[],
AR-LSAT,201606_2-G_2_8,4,qwen3-coder-next-three_shot_CoT-a3e3d6fe-92e1-4b84-a122-929b3fe37f3a,3,logic-lm autoformalization ICL,qwen/qwen3-coder-next,qwen/qwen3-coder-next,yes,[0],[0],0,True,False,,False,False,False,False,[0],False,[0],[0]
AR-LSAT,201606_2-G_2_8,5,qwen3-coder-next-three_shot_CoT-a3e3d6fe-92e1-4b84-a122-929b3fe37f3a,3,logic-lm autoformalization ICL,qwen/qwen3-coder-next,qwen/qwen3-coder-next,yes,[],[],0,False,False,,False,False,False,True,,False,[],
AR-LSAT,201606_2-G_2_8,6,qwen3-coder-next-three_shot_CoT-a3e3d6fe-92e1-4b84-a122-929b3fe37f3a,3,logic-lm autoformalization ICL,qwen/qwen3-coder-next,qwen/qwen3-coder-next,yes,0,[0],0,True,False,,False,False,False,False,[0],False,[0],[0]
AR-LSAT,201606_2-G_2_8,7,qwen3-coder-next-three_shot_CoT-a3e3d6fe-92e1-4b84-a122-929b3fe37f3a,3,logic-lm autoformalization ICL,qwen/qwen3-coder-next,qwen/qwen3-coder-next,yes,[],[],0,False,False,,False,False,False,True,,False,[],
AR-LSAT,201606_2-G_2_8,8,qwen3-coder-next-three_shot_CoT-a3e3d6fe-92e1-4b84-a122-929b3fe37f3a,3,logic-lm autoformalization ICL,qwen/qwen3-coder-next,qwen/qwen3-coder-next,yes,[],[],0,False,False,,False,False,False,True,,False,[],
AR-LSAT,201606_2-G_2_8,9,qwen3-coder-next-three_shot_CoT-a3e3d6fe-92e1-4b84-a122-929b3fe37f3a,3,logic-lm autoformalization ICL,qwen/qwen3-coder-next,qwen/qwen3-coder-next,yes,[0],[0],0,True,False,,False,False,False,False,[0],False,[0],[0]
AR-LSAT,201606_2-G_2_8,10,qwen3-coder-next-three_shot_CoT-a3e3d6fe-92e1-4b84-a122-929b3fe37f3a,3,logic-lm autoformalization ICL,qwen/qwen3-coder-next,qwen/qwen3-coder-next,yes,[0],[0],0,True,False,,False,False,False,False,[0],False,[0],[0]
AR-LSAT,201606_2-G_2_8,11,qwen3-coder-next-three_shot_CoT-a3e3d6fe-92e1-4b84-a122-929b3fe37f3a,3,logic-lm autoformalization ICL,qwen/qwen3-coder-next,qwen/qwen3-coder-next,yes,[0],[0],0,True,False,,False,False,False,False,[0],False,[0],[0]
AR-LSAT,201606_2-G_2_8,12,qwen3-coder-next-three_shot_CoT-a3e3d6fe-92e1-4b84-a122-929b3fe37f3a,3,logic-lm autoformalization ICL,qwen/qwen3-coder-next,qwen/qwen3-coder-next,yes,[0],[0],0,True,False,,False,False,False,False,[0],False,[0],[0]
AR-LSAT,201606_2-G_2_8,13,qwen3-coder-next-three_shot_CoT-a3e3d6fe-92e1-4b84-a122-929b3fe37f3a,3,logic-lm autoformalization ICL,qwen/qwen3-coder-next,qwen/qwen3-coder-next,yes,[0],[0],0,True,False,,False,False,False,False,[0],False,[0],[0]
AR-LSAT,201606_2-G_2_8,14,qwen3-coder-next-three_shot_CoT-a3e3d6fe-92e1-4b84-a122-929b3fe37f3a,3,logic-lm autoformalization ICL,qwen/qwen3-coder-next,qwen/qwen3-coder-next,yes,[0],[0],0,True,False,,False,False,False,False,[0],False,[0],[0]
AR-LSAT,201206_3-G_3_12,0,qwen3-coder-next-three_shot_CoT-a3e3d6fe-92e1-4b84-a122-929b3fe37f3a,3,logic-lm autoformalization ICL,qwen/qwen3-coder-next,qwen/qwen3-coder-next,yes,[1],[1],1,True,False,,False,False,False,False,[1],False,[1],[1]
AR-LSAT,201206_3-G_3_12,1,qwen3-coder-next-three_shot_CoT-a3e3d6fe-92e1-4b84-a122-929b3fe37f3a,3,logic-lm autoformalization ICL,qwen/qwen3-coder-next,qwen/qwen3-coder-next,yes,[1],[1],1,True,False,,False,False,False,False,[1],False,[1],[1]
AR-LSAT,201206_3-G_3_12,2,qwen3-coder-next-three_shot_CoT-a3e3d6fe-92e1-4b84-a122-929b3fe37f3a,3,logic-lm autoformalization ICL,qwen/qwen3-coder-next,qwen/qwen3-coder-next,yes,1,[1],1,True,False,,False,False,False,False,[1],False,[1],[1]
AR-LSAT,201206_3-G_3_12,3,qwen3-coder-next-three_shot_CoT-a3e3d6fe-92e1-4b84-a122-929b3fe37f3a,3,logic-lm autoformalization ICL,qwen/qwen3-coder-next,qwen/qwen3-coder-next,yes,[1],[1],1,True,False,,False,False,False,False,[1],False,[1],[1]
AR-LSAT,201206_3-G_3_12,4,qwen3-coder-next-three_shot_CoT-a3e3d6fe-92e1-4b84-a122-929b3fe37f3a,3,logic-lm autoformalization ICL,qwen/qwen3-coder-next,qwen/qwen3-coder-next,yes,1,[1],1,True,False,,False,False,False,False,[1],False,[1],[1]
AR-LSAT,201206_3-G_3_12,5,qwen3-coder-next-three_shot_CoT-a3e3d6fe-92e1-4b84-a122-929b3fe37f3a,3,logic-lm autoformalization ICL,qwen/qwen3-coder-next,qwen/qwen3-coder-next,yes,[1],[1],1,True,False,,False,False,False,False,[1],False,[1],[1]
AR-LSAT,201206_3-G_3_12,6,qwen3-coder-next-three_shot_CoT-a3e3d6fe-92e1-4b84-a122-929b3fe37f3a,3,logic-lm autoformalization ICL,qwen/qwen3-coder-next,qwen/qwen3-coder-next,yes,[1],[1],1,True,False,,False,False,False,False,[1],False,[1],[1]
AR-LSAT,201206_3-G_3_12,7,qwen3-coder-next-three_shot_CoT-a3e3d6fe-92e1-4b84-a122-929b3fe37f3a,3,logic-lm autoformalization ICL,qwen/qwen3-coder-next,qwen/qwen3-coder-next,yes,[1],[1],1,True,False,,False,False,False,False,[1],False,[1],[1]
AR-LSAT,201206_3-G_3_12,8,qwen3-coder-next-three_shot_CoT-a3e3d6fe-92e1-4b84-a122-929b3fe37f3a,3,logic-lm autoformalization ICL,qwen/qwen3-coder-next,qwen/qwen3-coder-next,yes,"Choice 1: {0: 1, 5: 1, 4: 2, 6: 2, 1: 3, 2: 3, 3: 3}",[],1,False,False,,False,False,False,True,,False,[],
AR-LSAT,201206_3-G_3_12,9,qwen3-coder-next-three_shot_CoT-a3e3d6fe-92e1-4b84-a122-929b3fe37f3a,3,logic-lm autoformalization ICL,qwen/qwen3-coder-next,qwen/qwen3-coder-next,yes,[1],[1],1,True,False,,False,False,False,False,[1],False,[1],[1]
AR-LSAT,201206_3-G_3_12,10,qwen3-coder-next-three_shot_CoT-a3e3d6fe-92e1-4b84-a122-929b3fe37f3a,3,logic-lm autoformalization ICL,qwen/qwen3-coder-next,qwen/qwen3-coder-next,yes,[1],[1],1,True,False,,False,False,False,False,[1],False,[1],[1]
AR-LSAT,201206_3-G_3_12,11,qwen3-coder-next-three_shot_CoT-a3e3d6fe-92e1-4b84-a122-929b3fe37f3a,3,logic-lm autoformalization ICL,qwen/qwen3-coder-next,qwen/qwen3-coder-next,yes,[1],[1],1,True,False,,False,False,False,False,[1],False,[1],[1]
AR-LSAT,201206_3-G_3_12,12,qwen3-coder-next-three_shot_CoT-a3e3d6fe-92e1-4b84-a122-929b3fe37f3a,3,logic-lm autoformalization ICL,qwen/qwen3-coder-next,qwen/qwen3-coder-next,yes,[1],[1],1,True,False,,False,False,False,False,[1],False,[1],[1]
AR-LSAT,201206_3-G_3_12,13,qwen3-coder-next-three_shot_CoT-a3e3d6fe-92e1-4b84-a122-929b3fe37f3a,3,logic-lm autoformalization ICL,qwen/qwen3-coder-next,qwen/qwen3-coder-next,yes,1,[1],1,True,False,,False,False,False,False,[1],False,[1],[1]
AR-LSAT,201206_3-G_3_12,14,qwen3-coder-next-three_shot_CoT-a3e3d6fe-92e1-4b84-a122-929b3fe37f3a,3,logic-lm autoformalization ICL,qwen/qwen3-coder-next,qwen/qwen3-coder-next,yes,[1],[1],1,True,False,,False,False,False,False,[1],False,[1],[1]
AR-LSAT,201510_3-G_1_1,0,qwen3-coder-next-three_shot_CoT-a3e3d6fe-92e1-4b84-a122-929b3fe37f3a,3,logic-lm autoformalization ICL,qwen/qwen3-coder-next,qwen/qwen3-coder-next,yes,[3],[3],3,True,False,,False,False,False,False,[3],False,[3],[3]
AR-LSAT,201510_3-G_1_1,1,qwen3-coder-next-three_shot_CoT-a3e3d6fe-92e1-4b84-a122-929b3fe37f3a,3,logic-lm autoformalization ICL,qwen/qwen3-coder-next,qwen/qwen3-coder-next,yes,[3],[3],3,True,False,,False,False,False,False,[3],False,[3],[3]
AR-LSAT,201510_3-G_1_1,2,qwen3-coder-next-three_shot_CoT-a3e3d6fe-92e1-4b84-a122-929b3fe37f3a,3,logic-lm autoformalization ICL,qwen/qwen3-coder-next,qwen/qwen3-coder-next,yes,[3],[3],3,True,False,,False,False,False,False,[3],False,[3],[3]
AR-LSAT,201510_3-G_1_1,3,qwen3-coder-next-three_shot_CoT-a3e3d6fe-92e1-4b84-a122-929b3fe37f3a,3,logic-lm autoformalization ICL,qwen/qwen3-coder-next,qwen/qwen3-coder-next,yes,3,[3],3,True,False,,False,False,False,False,[3],False,[3],[3]
AR-LSAT,201510_3-G_1_1,4,qwen3-coder-next-three_shot_CoT-a3e3d6fe-92e1-4b84-a122-929b3fe37f3a,3,logic-lm autoformalization ICL,qwen/qwen3-coder-next,qwen/qwen3-coder-next,yes,3,[3],3,True,False,,False,False,False,False,[3],False,[3],[3]
AR-LSAT,201510_3-G_1_1,5,qwen3-coder-next-three_shot_CoT-a3e3d6fe-92e1-4b84-a122-929b3fe37f3a,3,logic-lm autoformalization ICL,qwen/qwen3-coder-next,qwen/qwen3-coder-next,yes,"['Villas', 'White', 'Stanton', 'Peters', 'Quinn', 'Tao', 'Rovero']",[],3,False,False,,False,False,False,True,,False,[],
AR-LSAT,201510_3-G_1_1,6,qwen3-coder-next-three_shot_CoT-a3e3d6fe-92e1-4b84-a122-929b3fe37f3a,3,logic-lm autoformalization ICL,qwen/qwen3-coder-next,qwen/qwen3-coder-next,yes,"['Villas', 'White', 'Stanton', 'Peters', 'Quinn', 'Tao', 'Rovero']",[],3,False,False,,False,False,False,True,,False,[],
AR-LSAT,201510_3-G_1_1,7,qwen3-coder-next-three_shot_CoT-a3e3d6fe-92e1-4b84-a122-929b3fe37f3a,3,logic-lm autoformalization ICL,qwen/qwen3-coder-next,qwen/qwen3-coder-next,yes,3,[3],3,True,False,,False,False,False,False,[3],False,[3],[3]
AR-LSAT,201510_3-G_1_1,8,qwen3-coder-next-three_shot_CoT-a3e3d6fe-92e1-4b84-a122-929b3fe37f3a,3,logic-lm autoformalization ICL,qwen/qwen3-coder-next,qwen/qwen3-coder-next,yes,[3],[3],3,True,False,,False,False,False,False,[3],False,[3],[3]
AR-LSAT,201510_3-G_1_1,9,qwen3-coder-next-three_shot_CoT-a3e3d6fe-92e1-4b84-a122-929b3fe37f3a,3,logic-lm autoformalization ICL,qwen/qwen3-coder-next,qwen/qwen3-coder-next,yes,"Z3 execution error (return code 1).
Stderr: Traceback (most recent call last):
  File ""/tmp/tmp94ozwsk3.py"", line 24, in <module>
    0 <= order.index(VILLAS),
         ~~~~~~~~~~~^^^^^^^^
ValueError: 5 is not in list

Stdout: ",syntax error,3,False,True,runtime_error,False,True,False,False,syntax error,False,syntax error,syntax error
AR-LSAT,201510_3-G_1_1,10,qwen3-coder-next-three_shot_CoT-a3e3d6fe-92e1-4b84-a122-929b3fe37f3a,3,logic-lm autoformalization ICL,qwen/qwen3-coder-next,qwen/qwen3-coder-next,yes,"['Villas', 'White', 'Stanton', 'Peters', 'Quinn', 'Tao', 'Rovero']",[],3,False,False,,False,False,False,True,,False,[],
AR-LSAT,201510_3-G_1_1,11,qwen3-coder-next-three_shot_CoT-a3e3d6fe-92e1-4b84-a122-929b3fe37f3a,3,logic-lm autoformalization ICL,qwen/qwen3-coder-next,qwen/qwen3-coder-next,yes,"['Villas', 'White', 'Stanton', 'Peters', 'Quinn', 'Tao', 'Rovero']",[],3,False,False,,False,False,False,True,,False,[],
AR-LSAT,201510_3-G_1_1,12,qwen3-coder-next-three_shot_CoT-a3e3d6fe-92e1-4b84-a122-929b3fe37f3a,3,logic-lm autoformalization ICL,qwen/qwen3-coder-next,qwen/qwen3-coder-next,yes,3,[3],3,True,False,,False,False,False,False,[3],False,[3],[3]
AR-LSAT,201510_3-G_1_1,13,qwen3-coder-next-three_shot_CoT-a3e3d6fe-92e1-4b84-a122-929b3fe37f3a,3,logic-lm autoformalization ICL,qwen/qwen3-coder-next,qwen/qwen3-coder-next,yes,3,[3],3,True,False,,False,False,False,False,[3],False,[3],[3]
AR-LSAT,201510_3-G_1_1,14,qwen3-coder-next-three_shot_CoT-a3e3d6fe-92e1-4b84-a122-929b3fe37f3a,3,logic-lm autoformalization ICL,qwen/qwen3-coder-next,qwen/qwen3-coder-next,yes,[3],[3],3,True,False,,False,False,False,False,[3],False,[3],[3]
AR-LSAT,200010_3-G_3_12,0,qwen3-coder-next-three_shot_CoT-a3e3d6fe-92e1-4b84-a122-929b3fe37f3a,3,logic-lm autoformalization ICL,qwen/qwen3-coder-next,qwen/qwen3-coder-next,yes,0,[0],0,True,False,,False,False,False,False,[0],False,[0],[0]
AR-LSAT,200010_3-G_3_12,1,qwen3-coder-next-three_shot_CoT-a3e3d6fe-92e1-4b84-a122-929b3fe37f3a,3,logic-lm autoformalization ICL,qwen/qwen3-coder-next,qwen/qwen3-coder-next,yes,[0],[0],0,True,False,,False,False,False,False,[0],False,[0],[0]
AR-LSAT,200010_3-G_3_12,2,qwen3-coder-next-three_shot_CoT-a3e3d6fe-92e1-4b84-a122-929b3fe37f3a,3,logic-lm autoformalization ICL,qwen/qwen3-coder-next,qwen/qwen3-coder-next,yes,0,[0],0,True,False,,False,False,False,False,[0],False,[0],[0]
AR-LSAT,200010_3-G_3_12,3,qwen3-coder-next-three_shot_CoT-a3e3d6fe-92e1-4b84-a122-929b3fe37f3a,3,logic-lm autoformalization ICL,qwen/qwen3-coder-next,qwen/qwen3-coder-next,yes,0,[0],0,True,False,,False,False,False,False,[0],False,[0],[0]
AR-LSAT,200010_3-G_3_12,4,qwen3-coder-next-three_shot_CoT-a3e3d6fe-92e1-4b84-a122-929b3fe37f3a,3,logic-lm autoformalization ICL,qwen/qwen3-coder-next,qwen/qwen3-coder-next,yes,0,[0],0,True,False,,False,False,False,False,[0],False,[0],[0]
AR-LSAT,200010_3-G_3_12,5,qwen3-coder-next-three_shot_CoT-a3e3d6fe-92e1-4b84-a122-929b3fe37f3a,3,logic-lm autoformalization ICL,qwen/qwen3-coder-next,qwen/qwen3-coder-next,yes,0,[0],0,True,False,,False,False,False,False,[0],False,[0],[0]
AR-LSAT,200010_3-G_3_12,6,qwen3-coder-next-three_shot_CoT-a3e3d6fe-92e1-4b84-a122-929b3fe37f3a,3,logic-lm autoformalization ICL,qwen/qwen3-coder-next,qwen/qwen3-coder-next,yes,[0],[0],0,True,False,,False,False,False,False,[0],False,[0],[0]
AR-LSAT,200010_3-G_3_12,7,qwen3-coder-next-three_shot_CoT-a3e3d6fe-92e1-4b84-a122-929b3fe37f3a,3,logic-lm autoformalization ICL,qwen/qwen3-coder-next,qwen/qwen3-coder-next,yes,0,[0],0,True,False,,False,False,False,False,[0],False,[0],[0]
AR-LSAT,200010_3-G_3_12,8,qwen3-coder-next-three_shot_CoT-a3e3d6fe-92e1-4b84-a122-929b3fe37f3a,3,logic-lm autoformalization ICL,qwen/qwen3-coder-next,qwen/qwen3-coder-next,yes,0,[0],0,True,False,,False,False,False,False,[0],False,[0],[0]
AR-LSAT,200010_3-G_3_12,9,qwen3-coder-next-three_shot_CoT-a3e3d6fe-92e1-4b84-a122-929b3fe37f3a,3,logic-lm autoformalization ICL,qwen/qwen3-coder-next,qwen/qwen3-coder-next,yes,0,[0],0,True,False,,False,False,False,False,[0],False,[0],[0]
AR-LSAT,200010_3-G_3_12,10,qwen3-coder-next-three_shot_CoT-a3e3d6fe-92e1-4b84-a122-929b3fe37f3a,3,logic-lm autoformalization ICL,qwen/qwen3-coder-next,qwen/qwen3-coder-next,yes,[0],[0],0,True,False,,False,False,False,False,[0],False,[0],[0]
AR-LSAT,200010_3-G_3_12,11,qwen3-coder-next-three_shot_CoT-a3e3d6fe-92e1-4b84-a122-929b3fe37f3a,3,logic-lm autoformalization ICL,qwen/qwen3-coder-next,qwen/qwen3-coder-next,yes,0,[0],0,True,False,,False,False,False,False,[0],False,[0],[0]
AR-LSAT,200010_3-G_3_12,12,qwen3-coder-next-three_shot_CoT-a3e3d6fe-92e1-4b84-a122-929b3fe37f3a,3,logic-lm autoformalization ICL,qwen/qwen3-coder-next,qwen/qwen3-coder-next,yes,[0],[0],0,True,False,,False,False,False,False,[0],False,[0],[0]
AR-LSAT,200010_3-G_3_12,13,qwen3-coder-next-three_shot_CoT-a3e3d6fe-92e1-4b84-a122-929b3fe37f3a,3,logic-lm autoformalization ICL,qwen/qwen3-coder-next,qwen/qwen3-coder-next,yes,[0],[0],0,True,False,,False,False,False,False,[0],False,[0],[0]
AR-LSAT,200010_3-G_3_12,14,qwen3-coder-next-three_shot_CoT-a3e3d6fe-92e1-4b84-a122-929b3fe37f3a,3,logic-lm autoformalization ICL,qwen/qwen3-coder-next,qwen/qwen3-coder-next,yes,"L, P, S, R, O, T, F, H",[0],0,True,False,,False,False,False,False,[0],False,[0],[0]
AR-LSAT,200010_3-G_4_22,0,qwen3-coder-next-three_shot_CoT-a3e3d6fe-92e1-4b84-a122-929b3fe37f3a,3,logic-lm autoformalization ICL,qwen/qwen3-coder-next,qwen/qwen3-coder-next,yes,[1],[1],1,True,False,,False,False,False,False,[1],False,[1],[1]
AR-LSAT,200010_3-G_4_22,1,qwen3-coder-next-three_shot_CoT-a3e3d6fe-92e1-4b84-a122-929b3fe37f3a,3,logic-lm autoformalization ICL,qwen/qwen3-coder-next,qwen/qwen3-coder-next,yes,[1],[1],1,True,False,,False,False,False,False,[1],False,[1],[1]
AR-LSAT,200010_3-G_4_22,2,qwen3-coder-next-three_shot_CoT-a3e3d6fe-92e1-4b84-a122-929b3fe37f3a,3,logic-lm autoformalization ICL,qwen/qwen3-coder-next,qwen/qwen3-coder-next,yes,[1],[1],1,True,False,,False,False,False,False,[1],False,[1],[1]
AR-LSAT,200010_3-G_4_22,3,qwen3-coder-next-three_shot_CoT-a3e3d6fe-92e1-4b84-a122-929b3fe37f3a,3,logic-lm autoformalization ICL,qwen/qwen3-coder-next,qwen/qwen3-coder-next,yes,[1],[1],1,True,False,,False,False,False,False,[1],False,[1],[1]
AR-LSAT,200010_3-G_4_22,4,qwen3-coder-next-three_shot_CoT-a3e3d6fe-92e1-4b84-a122-929b3fe37f3a,3,logic-lm autoformalization ICL,qwen/qwen3-coder-next,qwen/qwen3-coder-next,yes,[1],[1],1,True,False,,False,False,False,False,[1],False,[1],[1]
AR-LSAT,200010_3-G_4_22,5,qwen3-coder-next-three_shot_CoT-a3e3d6fe-92e1-4b84-a122-929b3fe37f3a,3,logic-lm autoformalization ICL,qwen/qwen3-coder-next,qwen/qwen3-coder-next,yes,[1],[1],1,True,False,,False,False,False,False,[1],False,[1],[1]
AR-LSAT,200010_3-G_4_22,6,qwen3-coder-next-three_shot_CoT-a3e3d6fe-92e1-4b84-a122-929b3fe37f3a,3,logic-lm autoformalization ICL,qwen/qwen3-coder-next,qwen/qwen3-coder-next,yes,[1],[1],1,True,False,,False,False,False,False,[1],False,[1],[1]
AR-LSAT,200010_3-G_4_22,7,qwen3-coder-next-three_shot_CoT-a3e3d6fe-92e1-4b84-a122-929b3fe37f3a,3,logic-lm autoformalization ICL,qwen/qwen3-coder-next,qwen/qwen3-coder-next,yes,[1],[1],1,True,False,,False,False,False,False,[1],False,[1],[1]
AR-LSAT,200010_3-G_4_22,8,qwen3-coder-next-three_shot_CoT-a3e3d6fe-92e1-4b84-a122-929b3fe37f3a,3,logic-lm autoformalization ICL,qwen/qwen3-coder-next,qwen/qwen3-coder-next,yes,[1],[1],1,True,False,,False,False,False,False,[1],False,[1],[1]
AR-LSAT,200010_3-G_4_22,9,qwen3-coder-next-three_shot_CoT-a3e3d6fe-92e1-4b84-a122-929b3fe37f3a,3,logic-lm autoformalization ICL,qwen/qwen3-coder-next,qwen/qwen3-coder-next,yes,[1],[1],1,True,False,,False,False,False,False,[1],False,[1],[1]
AR-LSAT,200010_3-G_4_22,10,qwen3-coder-next-three_shot_CoT-a3e3d6fe-92e1-4b84-a122-929b3fe37f3a,3,logic-lm autoformalization ICL,qwen/qwen3-coder-next,qwen/qwen3-coder-next,yes,[1],[1],1,True,False,,False,False,False,False,[1],False,[1],[1]
AR-LSAT,200010_3-G_4_22,11,qwen3-coder-next-three_shot_CoT-a3e3d6fe-92e1-4b84-a122-929b3fe37f3a,3,logic-lm autoformalization ICL,qwen/qwen3-coder-next,qwen/qwen3-coder-next,yes,[1],[1],1,True,False,,False,False,False,False,[1],False,[1],[1]
AR-LSAT,200010_3-G_4_22,12,qwen3-coder-next-three_shot_CoT-a3e3d6fe-92e1-4b84-a122-929b3fe37f3a,3,logic-lm autoformalization ICL,qwen/qwen3-coder-next,qwen/qwen3-coder-next,yes,[1],[1],1,True,False,,False,False,False,False,[1],False,[1],[1]
AR-LSAT,200010_3-G_4_22,13,qwen3-coder-next-three_shot_CoT-a3e3d6fe-92e1-4b84-a122-929b3fe37f3a,3,logic-lm autoformalization ICL,qwen/qwen3-coder-next,qwen/qwen3-coder-next,yes,[1],[1],1,True,False,,False,False,False,False,[1],False,[1],[1]
AR-LSAT,200010_3-G_4_22,14,qwen3-coder-next-three_shot_CoT-a3e3d6fe-92e1-4b84-a122-929b3fe37f3a,3,logic-lm autoformalization ICL,qwen/qwen3-coder-next,qwen/qwen3-coder-next,yes,[1],[1],1,True,False,,False,False,False,False,[1],False,[1],[1]
AR-LSAT,201212_4-G_4_20,0,qwen3-coder-next-three_shot_CoT-a3e3d6fe-92e1-4b84-a122-929b3fe37f3a,3,logic-lm autoformalization ICL,qwen/qwen3-coder-next,qwen/qwen3-coder-next,yes,"[0, 1, 2, 3, 4]","[0, 1, 2, 3, 4]",1,False,False,,False,False,False,False,"[0, 1, 2, 3, 4]",True,,
AR-LSAT,201212_4-G_4_20,1,qwen3-coder-next-three_shot_CoT-a3e3d6fe-92e1-4b84-a122-929b3fe37f3a,3,logic-lm autoformalization ICL,qwen/qwen3-coder-next,qwen/qwen3-coder-next,yes,[1],[1],1,True,False,,False,False,False,False,[1],False,[1],[1]
AR-LSAT,201212_4-G_4_20,2,qwen3-coder-next-three_shot_CoT-a3e3d6fe-92e1-4b84-a122-929b3fe37f3a,3,logic-lm autoformalization ICL,qwen/qwen3-coder-next,qwen/qwen3-coder-next,yes,[],[],1,False,False,,False,False,False,True,,False,[],
AR-LSAT,201212_4-G_4_20,3,qwen3-coder-next-three_shot_CoT-a3e3d6fe-92e1-4b84-a122-929b3fe37f3a,3,logic-lm autoformalization ICL,qwen/qwen3-coder-next,qwen/qwen3-coder-next,yes,[1],[1],1,True,False,,False,False,False,False,[1],False,[1],[1]
AR-LSAT,201212_4-G_4_20,4,qwen3-coder-next-three_shot_CoT-a3e3d6fe-92e1-4b84-a122-929b3fe37f3a,3,logic-lm autoformalization ICL,qwen/qwen3-coder-next,qwen/qwen3-coder-next,yes,[],[],1,False,False,,False,False,False,True,,False,[],
AR-LSAT,201212_4-G_4_20,5,qwen3-coder-next-three_shot_CoT-a3e3d6fe-92e1-4b84-a122-929b3fe37f3a,3,logic-lm autoformalization ICL,qwen/qwen3-coder-next,qwen/qwen3-coder-next,yes,[1],[1],1,True,False,,False,False,False,False,[1],False,[1],[1]
AR-LSAT,201212_4-G_4_20,6,qwen3-coder-next-three_shot_CoT-a3e3d6fe-92e1-4b84-a122-929b3fe37f3a,3,logic-lm autoformalization ICL,qwen/qwen3-coder-next,qwen/qwen3-coder-next,yes,H is second,[],1,False,False,,False,False,False,True,,False,[],
AR-LSAT,201212_4-G_4_20,7,qwen3-coder-next-three_shot_CoT-a3e3d6fe-92e1-4b84-a122-929b3fe37f3a,3,logic-lm autoformalization ICL,qwen/qwen3-coder-next,qwen/qwen3-coder-next,yes,[1],[1],1,True,False,,False,False,False,False,[1],False,[1],[1]
AR-LSAT,201212_4-G_4_20,8,qwen3-coder-next-three_shot_CoT-a3e3d6fe-92e1-4b84-a122-929b3fe37f3a,3,logic-lm autoformalization ICL,qwen/qwen3-coder-next,qwen/qwen3-coder-next,yes,[1],[1],1,True,False,,False,False,False,False,[1],False,[1],[1]
AR-LSAT,201212_4-G_4_20,9,qwen3-coder-next-three_shot_CoT-a3e3d6fe-92e1-4b84-a122-929b3fe37f3a,3,logic-lm autoformalization ICL,qwen/qwen3-coder-next,qwen/qwen3-coder-next,yes,H is second,[],1,False,False,,False,False,False,True,,False,[],
AR-LSAT,201212_4-G_4_20,10,qwen3-coder-next-three_shot_CoT-a3e3d6fe-92e1-4b84-a122-929b3fe37f3a,3,logic-lm autoformalization ICL,qwen/qwen3-coder-next,qwen/qwen3-coder-next,yes,[1],[1],1,True,False,,False,False,False,False,[1],False,[1],[1]
AR-LSAT,201212_4-G_4_20,11,qwen3-coder-next-three_shot_CoT-a3e3d6fe-92e1-4b84-a122-929b3fe37f3a,3,logic-lm autoformalization ICL,qwen/qwen3-coder-next,qwen/qwen3-coder-next,yes,"[0, 1, 2, 3, 4]","[0, 1, 2, 3, 4]",1,False,False,,False,False,False,False,"[0, 1, 2, 3, 4]",True,,
AR-LSAT,201212_4-G_4_20,12,qwen3-coder-next-three_shot_CoT-a3e3d6fe-92e1-4b84-a122-929b3fe37f3a,3,logic-lm autoformalization ICL,qwen/qwen3-coder-next,qwen/qwen3-coder-next,yes,[1],[1],1,True,False,,False,False,False,False,[1],False,[1],[1]
AR-LSAT,201212_4-G_4_20,13,qwen3-coder-next-three_shot_CoT-a3e3d6fe-92e1-4b84-a122-929b3fe37f3a,3,logic-lm autoformalization ICL,qwen/qwen3-coder-next,qwen/qwen3-coder-next,yes,1,[1],1,True,False,,False,False,False,False,[1],False,[1],[1]
AR-LSAT,201212_4-G_4_20,14,qwen3-coder-next-three_shot_CoT-a3e3d6fe-92e1-4b84-a122-929b3fe37f3a,3,logic-lm autoformalization ICL,qwen/qwen3-coder-next,qwen/qwen3-coder-next,yes,1,[1],1,True,False,,False,False,False,False,[1],False,[1],[1]
AR-LSAT,201310_3-G_1_7,0,qwen3-coder-next-three_shot_CoT-a3e3d6fe-92e1-4b84-a122-929b3fe37f3a,3,logic-lm autoformalization ICL,qwen/qwen3-coder-next,qwen/qwen3-coder-next,yes,[],[],0,False,False,,False,False,False,True,,False,[],
AR-LSAT,201310_3-G_1_7,1,qwen3-coder-next-three_shot_CoT-a3e3d6fe-92e1-4b84-a122-929b3fe37f3a,3,logic-lm autoformalization ICL,qwen/qwen3-coder-next,qwen/qwen3-coder-next,yes,"[2, 4]","[2, 4]",0,False,False,,False,False,False,False,"[2, 4]",True,,
AR-LSAT,201310_3-G_1_7,2,qwen3-coder-next-three_shot_CoT-a3e3d6fe-92e1-4b84-a122-929b3fe37f3a,3,logic-lm autoformalization ICL,qwen/qwen3-coder-next,qwen/qwen3-coder-next,yes,[2],[2],0,False,False,,False,False,False,False,[2],False,[2],[2]
AR-LSAT,201310_3-G_1_7,3,qwen3-coder-next-three_shot_CoT-a3e3d6fe-92e1-4b84-a122-929b3fe37f3a,3,logic-lm autoformalization ICL,qwen/qwen3-coder-next,qwen/qwen3-coder-next,yes,"[2, 4]","[2, 4]",0,False,False,,False,False,False,False,"[2, 4]",True,,
AR-LSAT,201310_3-G_1_7,4,qwen3-coder-next-three_shot_CoT-a3e3d6fe-92e1-4b84-a122-929b3fe37f3a,3,logic-lm autoformalization ICL,qwen/qwen3-coder-next,qwen/qwen3-coder-next,yes,[],[],0,False,False,,False,False,False,True,,False,[],
AR-LSAT,201310_3-G_1_7,5,qwen3-coder-next-three_shot_CoT-a3e3d6fe-92e1-4b84-a122-929b3fe37f3a,3,logic-lm autoformalization ICL,qwen/qwen3-coder-next,qwen/qwen3-coder-next,yes,[],[],0,False,False,,False,False,False,True,,False,[],
AR-LSAT,201310_3-G_1_7,6,qwen3-coder-next-three_shot_CoT-a3e3d6fe-92e1-4b84-a122-929b3fe37f3a,3,logic-lm autoformalization ICL,qwen/qwen3-coder-next,qwen/qwen3-coder-next,yes,"[2, 4]","[2, 4]",0,False,False,,False,False,False,False,"[2, 4]",True,,
AR-LSAT,201310_3-G_1_7,7,qwen3-coder-next-three_shot_CoT-a3e3d6fe-92e1-4b84-a122-929b3fe37f3a,3,logic-lm autoformalization ICL,qwen/qwen3-coder-next,qwen/qwen3-coder-next,yes,"[0, 1, 2, 3, 4]","[0, 1, 2, 3, 4]",0,False,False,,False,False,False,False,"[0, 1, 2, 3, 4]",True,,
AR-LSAT,201310_3-G_1_7,8,qwen3-coder-next-three_shot_CoT-a3e3d6fe-92e1-4b84-a122-929b3fe37f3a,3,logic-lm autoformalization ICL,qwen/qwen3-coder-next,qwen/qwen3-coder-next,yes,[],[],0,False,False,,False,False,False,True,,False,[],
AR-LSAT,201310_3-G_1_7,9,qwen3-coder-next-three_shot_CoT-a3e3d6fe-92e1-4b84-a122-929b3fe37f3a,3,logic-lm autoformalization ICL,qwen/qwen3-coder-next,qwen/qwen3-coder-next,yes,[],[],0,False,False,,False,False,False,True,,False,[],
AR-LSAT,201310_3-G_1_7,10,qwen3-coder-next-three_shot_CoT-a3e3d6fe-92e1-4b84-a122-929b3fe37f3a,3,logic-lm autoformalization ICL,qwen/qwen3-coder-next,qwen/qwen3-coder-next,yes,[],[],0,False,False,,False,False,False,True,,False,[],
AR-LSAT,201310_3-G_1_7,11,qwen3-coder-next-three_shot_CoT-a3e3d6fe-92e1-4b84-a122-929b3fe37f3a,3,logic-lm autoformalization ICL,qwen/qwen3-coder-next,qwen/qwen3-coder-next,yes,0,[0],0,True,False,,False,False,False,False,[0],False,[0],[0]
AR-LSAT,201310_3-G_1_7,12,qwen3-coder-next-three_shot_CoT-a3e3d6fe-92e1-4b84-a122-929b3fe37f3a,3,logic-lm autoformalization ICL,qwen/qwen3-coder-next,qwen/qwen3-coder-next,yes,"[0, 2, 4]","[0, 2, 4]",0,False,False,,False,False,False,False,"[0, 2, 4]",True,,
AR-LSAT,201310_3-G_1_7,13,qwen3-coder-next-three_shot_CoT-a3e3d6fe-92e1-4b84-a122-929b3fe37f3a,3,logic-lm autoformalization ICL,qwen/qwen3-coder-next,qwen/qwen3-coder-next,yes,"[1, 2, 3, 4]","[1, 2, 3, 4]",0,False,False,,False,False,False,False,"[1, 2, 3, 4]",True,,
AR-LSAT,201310_3-G_1_7,14,qwen3-coder-next-three_shot_CoT-a3e3d6fe-92e1-4b84-a122-929b3fe37f3a,3,logic-lm autoformalization ICL,qwen/qwen3-coder-next,qwen/qwen3-coder-next,yes,"[0, 2, 4]","[0, 2, 4]",0,False,False,,False,False,False,False,"[0, 2, 4]",True,,
AR-LSAT,201206_3-G_1_2,0,qwen3-coder-next-three_shot_CoT-a3e3d6fe-92e1-4b84-a122-929b3fe37f3a,3,logic-lm autoformalization ICL,qwen/qwen3-coder-next,qwen/qwen3-coder-next,yes,[],[],4,False,False,,False,False,False,True,,False,[],
AR-LSAT,201206_3-G_1_2,1,qwen3-coder-next-three_shot_CoT-a3e3d6fe-92e1-4b84-a122-929b3fe37f3a,3,logic-lm autoformalization ICL,qwen/qwen3-coder-next,qwen/qwen3-coder-next,yes,[],[],4,False,False,,False,False,False,True,,False,[],
AR-LSAT,201206_3-G_1_2,2,qwen3-coder-next-three_shot_CoT-a3e3d6fe-92e1-4b84-a122-929b3fe37f3a,3,logic-lm autoformalization ICL,qwen/qwen3-coder-next,qwen/qwen3-coder-next,yes,[],[],4,False,False,,False,False,False,True,,False,[],
AR-LSAT,201206_3-G_1_2,3,qwen3-coder-next-three_shot_CoT-a3e3d6fe-92e1-4b84-a122-929b3fe37f3a,3,logic-lm autoformalization ICL,qwen/qwen3-coder-next,qwen/qwen3-coder-next,yes,[],[],4,False,False,,False,False,False,True,,False,[],
AR-LSAT,201206_3-G_1_2,4,qwen3-coder-next-three_shot_CoT-a3e3d6fe-92e1-4b84-a122-929b3fe37f3a,3,logic-lm autoformalization ICL,qwen/qwen3-coder-next,qwen/qwen3-coder-next,yes,[],[],4,False,False,,False,False,False,True,,False,[],
AR-LSAT,201206_3-G_1_2,5,qwen3-coder-next-three_shot_CoT-a3e3d6fe-92e1-4b84-a122-929b3fe37f3a,3,logic-lm autoformalization ICL,qwen/qwen3-coder-next,qwen/qwen3-coder-next,yes,[],[],4,False,False,,False,False,False,True,,False,[],
AR-LSAT,201206_3-G_1_2,6,qwen3-coder-next-three_shot_CoT-a3e3d6fe-92e1-4b84-a122-929b3fe37f3a,3,logic-lm autoformalization ICL,qwen/qwen3-coder-next,qwen/qwen3-coder-next,yes,[4],[4],4,True,False,,False,False,False,False,[4],False,[4],[4]
AR-LSAT,201206_3-G_1_2,7,qwen3-coder-next-three_shot_CoT-a3e3d6fe-92e1-4b84-a122-929b3fe37f3a,3,logic-lm autoformalization ICL,qwen/qwen3-coder-next,qwen/qwen3-coder-next,yes,[4],[4],4,True,False,,False,False,False,False,[4],False,[4],[4]
AR-LSAT,201206_3-G_1_2,8,qwen3-coder-next-three_shot_CoT-a3e3d6fe-92e1-4b84-a122-929b3fe37f3a,3,logic-lm autoformalization ICL,qwen/qwen3-coder-next,qwen/qwen3-coder-next,yes,[4],[4],4,True,False,,False,False,False,False,[4],False,[4],[4]
AR-LSAT,201206_3-G_1_2,9,qwen3-coder-next-three_shot_CoT-a3e3d6fe-92e1-4b84-a122-929b3fe37f3a,3,logic-lm autoformalization ICL,qwen/qwen3-coder-next,qwen/qwen3-coder-next,yes,"Z3 execution error (return code 1).
Stderr: Traceback (most recent call last):
  File ""/tmp/tmpqhr735v3.py"", line 40, in <module>
    solver.add(session_to_day[session_of[assistant_indices[""Kevin""]]] ==
               ~~~~~~~~~~~~~~^^^^^^^^^^^^^^^^^^^^^^^^^^^^^^^^^^^^^^^^
TypeError: list indices must be integers or slices, not ArithRef

Stdout: ",syntax error,4,False,True,runtime_error,False,True,False,False,syntax error,False,syntax error,syntax error
AR-LSAT,201206_3-G_1_2,10,qwen3-coder-next-three_shot_CoT-a3e3d6fe-92e1-4b84-a122-929b3fe37f3a,3,logic-lm autoformalization ICL,qwen/qwen3-coder-next,qwen/qwen3-coder-next,yes,"Z3 execution error (return code 1).
Stderr: Traceback (most recent call last):
  File ""/tmp/tmpiq86ygy5.py"", line 30, in <module>
    solver.add(IntVal(assign[J] // 2) < IntVal(assign[O] // 2))
                      ~~~~~~~~~~^^~~
TypeError: unsupported operand type(s) for //: 'ArithRef' and 'int'

Stdout: ",syntax error,4,False,True,runtime_error,False,True,False,False,syntax error,False,syntax error,syntax error
AR-LSAT,201206_3-G_1_2,11,qwen3-coder-next-three_shot_CoT-a3e3d6fe-92e1-4b84-a122-929b3fe37f3a,3,logic-lm autoformalization ICL,qwen/qwen3-coder-next,qwen/qwen3-coder-next,yes,[],[],4,False,False,,False,False,False,True,,False,[],
AR-LSAT,201206_3-G_1_2,12,qwen3-coder-next-three_shot_CoT-a3e3d6fe-92e1-4b84-a122-929b3fe37f3a,3,logic-lm autoformalization ICL,qwen/qwen3-coder-next,qwen/qwen3-coder-next,yes,[4],[4],4,True,False,,False,False,False,False,[4],False,[4],[4]
AR-LSAT,201206_3-G_1_2,13,qwen3-coder-next-three_shot_CoT-a3e3d6fe-92e1-4b84-a122-929b3fe37f3a,3,logic-lm autoformalization ICL,qwen/qwen3-coder-next,qwen/qwen3-coder-next,yes,[4],[4],4,True,False,,False,False,False,False,[4],False,[4],[4]
AR-LSAT,201206_3-G_1_2,14,qwen3-coder-next-three_shot_CoT-a3e3d6fe-92e1-4b84-a122-929b3fe37f3a,3,logic-lm autoformalization ICL,qwen/qwen3-coder-next,qwen/qwen3-coder-next,yes,,[],4,False,False,,False,False,False,True,,False,[],
AR-LSAT,201510_3-G_2_11,0,qwen3-coder-next-three_shot_CoT-a3e3d6fe-92e1-4b84-a122-929b3fe37f3a,3,logic-lm autoformalization ICL,qwen/qwen3-coder-next,qwen/qwen3-coder-next,yes,[2],[2],2,True,False,,False,False,False,False,[2],False,[2],[2]
AR-LSAT,201510_3-G_2_11,1,qwen3-coder-next-three_shot_CoT-a3e3d6fe-92e1-4b84-a122-929b3fe37f3a,3,logic-lm autoformalization ICL,qwen/qwen3-coder-next,qwen/qwen3-coder-next,yes,"[1, 2]","[1, 2]",2,False,False,,False,False,False,False,"[1, 2]",True,,
AR-LSAT,201510_3-G_2_11,2,qwen3-coder-next-three_shot_CoT-a3e3d6fe-92e1-4b84-a122-929b3fe37f3a,3,logic-lm autoformalization ICL,qwen/qwen3-coder-next,qwen/qwen3-coder-next,yes,"[0, 2, 3, 4]","[0, 2, 3, 4]",2,False,False,,False,False,False,False,"[0, 2, 3, 4]",True,,
AR-LSAT,201510_3-G_2_11,3,qwen3-coder-next-three_shot_CoT-a3e3d6fe-92e1-4b84-a122-929b3fe37f3a,3,logic-lm autoformalization ICL,qwen/qwen3-coder-next,qwen/qwen3-coder-next,yes,"[1, 2]","[1, 2]",2,False,False,,False,False,False,False,"[1, 2]",True,,
AR-LSAT,201510_3-G_2_11,4,qwen3-coder-next-three_shot_CoT-a3e3d6fe-92e1-4b84-a122-929b3fe37f3a,3,logic-lm autoformalization ICL,qwen/qwen3-coder-next,qwen/qwen3-coder-next,yes,[2],[2],2,True,False,,False,False,False,False,[2],False,[2],[2]
AR-LSAT,201510_3-G_2_11,5,qwen3-coder-next-three_shot_CoT-a3e3d6fe-92e1-4b84-a122-929b3fe37f3a,3,logic-lm autoformalization ICL,qwen/qwen3-coder-next,qwen/qwen3-coder-next,yes,[2],[2],2,True,False,,False,False,False,False,[2],False,[2],[2]
AR-LSAT,201510_3-G_2_11,6,qwen3-coder-next-three_shot_CoT-a3e3d6fe-92e1-4b84-a122-929b3fe37f3a,3,logic-lm autoformalization ICL,qwen/qwen3-coder-next,qwen/qwen3-coder-next,yes,[2],[2],2,True,False,,False,False,False,False,[2],False,[2],[2]
AR-LSAT,201510_3-G_2_11,7,qwen3-coder-next-three_shot_CoT-a3e3d6fe-92e1-4b84-a122-929b3fe37f3a,3,logic-lm autoformalization ICL,qwen/qwen3-coder-next,qwen/qwen3-coder-next,yes,"[0, 1, 2, 3, 4]","[0, 1, 2, 3, 4]",2,False,False,,False,False,False,False,"[0, 1, 2, 3, 4]",True,,
AR-LSAT,201510_3-G_2_11,8,qwen3-coder-next-three_shot_CoT-a3e3d6fe-92e1-4b84-a122-929b3fe37f3a,3,logic-lm autoformalization ICL,qwen/qwen3-coder-next,qwen/qwen3-coder-next,yes,[2],[2],2,True,False,,False,False,False,False,[2],False,[2],[2]
AR-LSAT,201510_3-G_2_11,9,qwen3-coder-next-three_shot_CoT-a3e3d6fe-92e1-4b84-a122-929b3fe37f3a,3,logic-lm autoformalization ICL,qwen/qwen3-coder-next,qwen/qwen3-coder-next,yes,[2],[2],2,True,False,,False,False,False,False,[2],False,[2],[2]
AR-LSAT,201510_3-G_2_11,10,qwen3-coder-next-three_shot_CoT-a3e3d6fe-92e1-4b84-a122-929b3fe37f3a,3,logic-lm autoformalization ICL,qwen/qwen3-coder-next,qwen/qwen3-coder-next,yes,"[1, 2]","[1, 2]",2,False,False,,False,False,False,False,"[1, 2]",True,,
AR-LSAT,201510_3-G_2_11,11,qwen3-coder-next-three_shot_CoT-a3e3d6fe-92e1-4b84-a122-929b3fe37f3a,3,logic-lm autoformalization ICL,qwen/qwen3-coder-next,qwen/qwen3-coder-next,yes,[2],[2],2,True,False,,False,False,False,False,[2],False,[2],[2]
AR-LSAT,201510_3-G_2_11,12,qwen3-coder-next-three_shot_CoT-a3e3d6fe-92e1-4b84-a122-929b3fe37f3a,3,logic-lm autoformalization ICL,qwen/qwen3-coder-next,qwen/qwen3-coder-next,yes,[2],[2],2,True,False,,False,False,False,False,[2],False,[2],[2]
AR-LSAT,201510_3-G_2_11,13,qwen3-coder-next-three_shot_CoT-a3e3d6fe-92e1-4b84-a122-929b3fe37f3a,3,logic-lm autoformalization ICL,qwen/qwen3-coder-next,qwen/qwen3-coder-next,yes,[2],[2],2,True,False,,False,False,False,False,[2],False,[2],[2]
AR-LSAT,201510_3-G_2_11,14,qwen3-coder-next-three_shot_CoT-a3e3d6fe-92e1-4b84-a122-929b3fe37f3a,3,logic-lm autoformalization ICL,qwen/qwen3-coder-next,qwen/qwen3-coder-next,yes,[2],[2],2,True,False,,False,False,False,False,[2],False,[2],[2]
